Mã sinh viên,Ngày,Tên,Danh Mục,Số Tiền,Ghi Chú,Tháng
B24DCCC040,2024-01-27,Trương Công Chiến,Ăn uống,284321,Chi phí cần thiết trong tháng,
B24DCCC040,2024-07-29,Trương Công Chiến,Di chuyển,277091,Khoản chi đột xuất,
B24DCCC040,2024-12-29,Trương Công Chiến,Học tập,488006,Phí dịch vụ hoặc tiện ích,
B24DCCC040,2024-06-08,Trương Công Chiến,Di chuyển,470459,Thanh toán dịch vụ,
B24DCCC040,2024-10-24,Trương Công Chiến,Khác,31903,Phí dịch vụ hoặc tiện ích,
B24DCCC040,2024-06-02,Trương Công Chiến,Giải trí,465209,Chi phí cần thiết trong tháng,
B24DCCC040,2024-08-29,Trương Công Chiến,Giải trí,312800,Phí dịch vụ hoặc tiện ích,
B24DCCC040,2024-06-11,Trương Công Chiến,Học tập,304666,Thanh toán dịch vụ,
B24DCCC040,2024-07-20,Trương Công Chiến,Giải trí,375932,Chi phí cần thiết trong tháng,
B24DCCC040,2024-04-10,Trương Công Chiến,Khác,111973,Phí dịch vụ hoặc tiện ích,
B24DCCC040,2024-10-08,Trương Công Chiến,Học tập,483616,Khoản chi đột xuất,
B24DCCC040,2024-08-17,Trương Công Chiến,Giải trí,272044,Chi phí cần thiết trong tháng,
B24DCCC040,2024-10-16,Trương Công Chiến,Ăn uống,495247,Chi phí cần thiết trong tháng,
B24DCCC040,2024-06-22,Trương Công Chiến,Học tập,184514,Chi phí cần thiết trong tháng,
B24DCCC040,2024-09-29,Trương Công Chiến,Mua sắm,296374,Phí dịch vụ hoặc tiện ích,
B24DCCC040,2024-07-22,Trương Công Chiến,Giải trí,121243,Thanh toán dịch vụ,
B24DCCC040,2024-09-11,Trương Công Chiến,Giải trí,250460,Chi phí cần thiết trong tháng,
B24DCCC040,2024-02-14,Trương Công Chiến,Mua sắm,458089,Chi phí cần thiết trong tháng,
B24DCCC040,2024-11-26,Trương Công Chiến,Ăn uống,205971,Thanh toán dịch vụ,
B24DCCC040,2024-09-05,Trương Công Chiến,Ăn uống,425769,Khoản chi đột xuất,
B24DCCC040,2024-06-09,Trương Công Chiến,Di chuyển,138158,Thanh toán dịch vụ,
B24DCCC040,2024-04-20,Trương Công Chiến,Khác,142844,Khoản chi đột xuất,
B24DCCC040,2024-09-30,Trương Công Chiến,Giải trí,226575,Khoản chi đột xuất,
B24DCCC040,2024-09-06,Trương Công Chiến,Di chuyển,328103,Phí dịch vụ hoặc tiện ích,
B24DCCC040,2024-09-25,Trương Công Chiến,Mua sắm,432607,Thanh toán dịch vụ,
B24DCCC040,2024-06-21,Trương Công Chiến,Học tập,196358,Phí dịch vụ hoặc tiện ích,
B24DCCC040,2024-02-17,Trương Công Chiến,Y tế,199259,Chi phí cần thiết trong tháng,
B24DCCC040,2024-09-28,Trương Công Chiến,Giải trí,380238,Chi phí cần thiết trong tháng,
B24DCCC040,2024-03-01,Trương Công Chiến,Học tập,374680,Phí dịch vụ hoặc tiện ích,
B24DCCC040,2024-12-17,Trương Công Chiến,Giải trí,432529,Phí dịch vụ hoặc tiện ích,
B24DCCC040,2024-08-31,Trương Công Chiến,Giải trí,156249,Khoản chi đột xuất,
B24DCCC040,2024-05-12,Trương Công Chiến,Di chuyển,199348,Thanh toán dịch vụ,
B24DCCC040,2024-09-04,Trương Công Chiến,Mua sắm,117455,Khoản chi đột xuất,
B24DCCC040,2024-09-16,Trương Công Chiến,Y tế,37886,Phí dịch vụ hoặc tiện ích,
B24DCCC040,2024-01-08,Trương Công Chiến,Giải trí,216006,Chi phí cần thiết trong tháng,
B24DCCC040,2024-12-25,Trương Công Chiến,Khác,272836,Khoản chi đột xuất,
B24DCCC040,2024-12-24,Trương Công Chiến,Mua sắm,487837,Phí dịch vụ hoặc tiện ích,
B24DCCC040,2024-06-13,Trương Công Chiến,Học tập,371306,Thanh toán dịch vụ,
B24DCCC040,2024-02-17,Trương Công Chiến,Di chuyển,409262,Chi phí cần thiết trong tháng,
B24DCCC040,2024-07-14,Trương Công Chiến,Di chuyển,411463,Thanh toán dịch vụ,
B24DCCC040,2024-12-01,Trương Công Chiến,Khác,198052,Chi phí cần thiết trong tháng,
B24DCCC040,2024-06-15,Trương Công Chiến,Mua sắm,489232,Phí dịch vụ hoặc tiện ích,
B24DCCC040,2024-02-28,Trương Công Chiến,Y tế,191297,Thanh toán dịch vụ,
B24DCCC040,2024-08-25,Trương Công Chiến,Giải trí,33786,Khoản chi đột xuất,
B24DCCC040,2024-10-20,Trương Công Chiến,Khác,214301,Chi phí cần thiết trong tháng,
B24DCCC040,2024-07-13,Trương Công Chiến,Khác,164760,Thanh toán dịch vụ,
B24DCCC040,2024-03-01,Trương Công Chiến,Mua sắm,25297,Chi phí cần thiết trong tháng,
B24DCCC040,2024-08-29,Trương Công Chiến,Di chuyển,84840,Phí dịch vụ hoặc tiện ích,
B24DCCC040,2024-08-04,Trương Công Chiến,Mua sắm,219901,Khoản chi đột xuất,
B24DCCC040,2024-06-20,Trương Công Chiến,Khác,67196,Phí dịch vụ hoặc tiện ích,
B24DCCC040,2024-01-21,Trương Công Chiến,Di chuyển,372011,Phí dịch vụ hoặc tiện ích,
B24DCCC040,2024-08-20,Trương Công Chiến,Mua sắm,46187,Phí dịch vụ hoặc tiện ích,
B24DCCC040,2024-04-14,Trương Công Chiến,Học tập,424744,Thanh toán dịch vụ,
B24DCCC040,2024-09-03,Trương Công Chiến,Di chuyển,218088,Khoản chi đột xuất,
B24DCCC040,2024-10-21,Trương Công Chiến,Khác,40067,Chi phí cần thiết trong tháng,
B24DCCC040,2024-05-02,Trương Công Chiến,Khác,405974,Phí dịch vụ hoặc tiện ích,
B24DCCC040,2024-06-13,Trương Công Chiến,Giải trí,343360,Chi phí cần thiết trong tháng,
B24DCCC040,2024-08-31,Trương Công Chiến,Khác,167559,Phí dịch vụ hoặc tiện ích,
B24DCCC040,2024-04-19,Trương Công Chiến,Giải trí,409544,Khoản chi đột xuất,
B24DCCC040,2024-06-10,Trương Công Chiến,Học tập,116580,Phí dịch vụ hoặc tiện ích,
B24DCCC040,2024-05-21,Trương Công Chiến,Mua sắm,496596,Chi phí cần thiết trong tháng,
B24DCCC040,2024-12-01,Trương Công Chiến,Y tế,207631,Chi phí cần thiết trong tháng,
B24DCCC040,2024-10-15,Trương Công Chiến,Học tập,319709,Thanh toán dịch vụ,
B24DCCC040,2024-11-03,Trương Công Chiến,Y tế,394912,Chi phí cần thiết trong tháng,
B24DCCC040,2024-08-22,Trương Công Chiến,Học tập,149171,Chi phí cần thiết trong tháng,
B24DCCC040,2024-05-02,Trương Công Chiến,Học tập,229052,Thanh toán dịch vụ,
B24DCCC040,2024-01-09,Trương Công Chiến,Di chuyển,401760,Chi phí cần thiết trong tháng,
B24DCCC040,2024-06-22,Trương Công Chiến,Mua sắm,209653,Phí dịch vụ hoặc tiện ích,
B24DCCC040,2024-06-29,Trương Công Chiến,Ăn uống,330289,Chi phí cần thiết trong tháng,
B24DCCC040,2024-11-22,Trương Công Chiến,Khác,79262,Phí dịch vụ hoặc tiện ích,
B24DCCC040,2024-02-09,Trương Công Chiến,Mua sắm,373862,Khoản chi đột xuất,
B24DCCC040,2024-03-11,Trương Công Chiến,Ăn uống,355140,Khoản chi đột xuất,
B24DCCC040,2024-07-02,Trương Công Chiến,Học tập,489697,Khoản chi đột xuất,
B24DCCC040,2024-09-30,Trương Công Chiến,Y tế,405475,Thanh toán dịch vụ,
B24DCCC040,2024-04-11,Trương Công Chiến,Ăn uống,102283,Khoản chi đột xuất,
B24DCCC040,2024-03-01,Trương Công Chiến,Mua sắm,262706,Thanh toán dịch vụ,
B24DCCC040,2024-10-17,Trương Công Chiến,Khác,365127,Phí dịch vụ hoặc tiện ích,
B24DCCC040,2024-02-19,Trương Công Chiến,Y tế,217443,Phí dịch vụ hoặc tiện ích,
B24DCCC040,2024-08-30,Trương Công Chiến,Mua sắm,473658,Thanh toán dịch vụ,
B24DCCC040,2024-09-02,Trương Công Chiến,Khác,117044,Phí dịch vụ hoặc tiện ích,
B24DCCC040,2024-06-21,Trương Công Chiến,Giải trí,487570,Thanh toán dịch vụ,
B24DCCC040,2024-07-03,Trương Công Chiến,Ăn uống,352484,Chi phí cần thiết trong tháng,
B24DCCC040,2024-02-14,Trương Công Chiến,Ăn uống,212908,Khoản chi đột xuất,
B24DCCC040,2024-08-15,Trương Công Chiến,Di chuyển,111067,Khoản chi đột xuất,
B24DCCC040,2024-01-19,Trương Công Chiến,Khác,310903,Phí dịch vụ hoặc tiện ích,
B24DCCC040,2024-02-10,Trương Công Chiến,Di chuyển,438362,Thanh toán dịch vụ,
B24DCCC040,2024-09-25,Trương Công Chiến,Y tế,236167,Phí dịch vụ hoặc tiện ích,
B24DCCC040,2024-08-23,Trương Công Chiến,Khác,458390,Thanh toán dịch vụ,
B24DCCC040,2024-07-20,Trương Công Chiến,Di chuyển,347344,Chi phí cần thiết trong tháng,
B24DCCC040,2024-01-12,Trương Công Chiến,Giải trí,81022,Phí dịch vụ hoặc tiện ích,
B24DCCC040,2024-12-25,Trương Công Chiến,Khác,374353,Phí dịch vụ hoặc tiện ích,
B24DCCC040,2024-10-05,Trương Công Chiến,Y tế,352011,Phí dịch vụ hoặc tiện ích,
B24DCCC040,2024-08-14,Trương Công Chiến,Ăn uống,493346,Thanh toán dịch vụ,
B24DCCC040,2024-10-11,Trương Công Chiến,Y tế,330350,Phí dịch vụ hoặc tiện ích,
B24DCCC040,2024-10-03,Trương Công Chiến,Di chuyển,445656,Khoản chi đột xuất,
B24DCCC040,2024-12-16,Trương Công Chiến,Ăn uống,119219,Chi phí cần thiết trong tháng,
B24DCCC040,2024-07-02,Trương Công Chiến,Khác,125568,Phí dịch vụ hoặc tiện ích,
B24DCCC040,2024-08-05,Trương Công Chiến,Học tập,298559,Thanh toán dịch vụ,
B24DCCC040,2024-02-19,Trương Công Chiến,Khác,375417,Thanh toán dịch vụ,
B24DCCC040,2024-10-10,Trương Công Chiến,Học tập,35575,Phí dịch vụ hoặc tiện ích,
B24DCCC040,2024-02-29,Trương Công Chiến,Học tập,398997,Thanh toán dịch vụ,
B24DCCC040,2024-07-16,Trương Công Chiến,Ăn uống,221386,Khoản chi đột xuất,
B24DCCC040,2024-04-11,Trương Công Chiến,Khác,264215,Phí dịch vụ hoặc tiện ích,
B24DCCC040,2024-06-22,Trương Công Chiến,Di chuyển,404459,Thanh toán dịch vụ,
B24DCCC040,2024-12-20,Trương Công Chiến,Mua sắm,87473,Khoản chi đột xuất,
B24DCCC040,2024-04-12,Trương Công Chiến,Di chuyển,199887,Chi phí cần thiết trong tháng,
B24DCCC040,2024-09-12,Trương Công Chiến,Di chuyển,354209,Phí dịch vụ hoặc tiện ích,
B24DCCC040,2024-01-03,Trương Công Chiến,Khác,30300,Khoản chi đột xuất,
B24DCCC040,2024-04-08,Trương Công Chiến,Học tập,397975,Chi phí cần thiết trong tháng,
B24DCCC040,2024-11-08,Trương Công Chiến,Học tập,198698,Khoản chi đột xuất,
B24DCCC040,2024-02-11,Trương Công Chiến,Khác,388857,Thanh toán dịch vụ,
B24DCCC040,2024-11-09,Trương Công Chiến,Y tế,46788,Chi phí cần thiết trong tháng,
B24DCCC040,2024-06-12,Trương Công Chiến,Y tế,255936,Khoản chi đột xuất,
B24DCCC040,2024-11-10,Trương Công Chiến,Giải trí,414391,Khoản chi đột xuất,
B24DCCC040,2024-02-03,Trương Công Chiến,Học tập,140107,Thanh toán dịch vụ,
B24DCCC040,2024-11-11,Trương Công Chiến,Ăn uống,470213,Chi phí cần thiết trong tháng,
B24DCCC040,2024-07-29,Trương Công Chiến,Y tế,126132,Chi phí cần thiết trong tháng,
B24DCCC040,2024-01-25,Trương Công Chiến,Giải trí,445473,Phí dịch vụ hoặc tiện ích,
B24DCCC040,2024-02-25,Trương Công Chiến,Học tập,238978,Khoản chi đột xuất,
B24DCCC040,2024-04-03,Trương Công Chiến,Giải trí,200904,Khoản chi đột xuất,
B24DCCC040,2024-12-23,Trương Công Chiến,Mua sắm,60824,Khoản chi đột xuất,
B24DCCC040,2024-08-02,Trương Công Chiến,Học tập,257794,Khoản chi đột xuất,
B24DCCC040,2024-10-25,Trương Công Chiến,Di chuyển,416475,Khoản chi đột xuất,
B24DCCC040,2024-10-29,Trương Công Chiến,Học tập,365150,Thanh toán dịch vụ,
B24DCCC040,2024-09-07,Trương Công Chiến,Ăn uống,126696,Phí dịch vụ hoặc tiện ích,
B24DCCC040,2024-07-21,Trương Công Chiến,Học tập,498125,Chi phí cần thiết trong tháng,
B24DCCC040,2024-06-12,Trương Công Chiến,Ăn uống,63774,Thanh toán dịch vụ,
B24DCCC040,2024-02-08,Trương Công Chiến,Học tập,424137,Khoản chi đột xuất,
B24DCCC040,2024-02-11,Trương Công Chiến,Mua sắm,94656,Chi phí cần thiết trong tháng,
B24DCCC040,2024-08-27,Trương Công Chiến,Ăn uống,359120,Phí dịch vụ hoặc tiện ích,
B24DCCC040,2024-11-07,Trương Công Chiến,Ăn uống,233258,Chi phí cần thiết trong tháng,
B24DCCC040,2024-06-13,Trương Công Chiến,Di chuyển,242333,Phí dịch vụ hoặc tiện ích,
B24DCCC040,2024-04-10,Trương Công Chiến,Khác,324830,Chi phí cần thiết trong tháng,
B24DCCC040,2024-07-08,Trương Công Chiến,Ăn uống,358393,Phí dịch vụ hoặc tiện ích,
B24DCCC040,2024-02-04,Trương Công Chiến,Y tế,224763,Thanh toán dịch vụ,
B24DCCC040,2024-11-29,Trương Công Chiến,Y tế,131338,Thanh toán dịch vụ,
B24DCCC040,2024-11-27,Trương Công Chiến,Giải trí,343531,Thanh toán dịch vụ,
B24DCCC040,2024-08-10,Trương Công Chiến,Y tế,337162,Phí dịch vụ hoặc tiện ích,
B24DCCC040,2024-10-08,Trương Công Chiến,Di chuyển,73518,Thanh toán dịch vụ,
B24DCCC040,2024-08-31,Trương Công Chiến,Khác,111992,Khoản chi đột xuất,
B24DCCC040,2024-01-21,Trương Công Chiến,Mua sắm,182106,Chi phí cần thiết trong tháng,
B24DCCC040,2024-08-12,Trương Công Chiến,Ăn uống,473443,Khoản chi đột xuất,
B24DCCC040,2024-11-07,Trương Công Chiến,Học tập,163496,Phí dịch vụ hoặc tiện ích,
B24DCCC040,2024-05-13,Trương Công Chiến,Mua sắm,307271,Thanh toán dịch vụ,
B24DCCC040,2024-02-02,Trương Công Chiến,Giải trí,245185,Phí dịch vụ hoặc tiện ích,
B24DCCC040,2024-09-23,Trương Công Chiến,Khác,164002,Chi phí cần thiết trong tháng,
B24DCCC040,2024-01-06,Trương Công Chiến,Giải trí,125224,Thanh toán dịch vụ,
B24DCCC040,2024-11-23,Trương Công Chiến,Mua sắm,389593,Khoản chi đột xuất,
B24DCCC040,2024-08-10,Trương Công Chiến,Mua sắm,126790,Thanh toán dịch vụ,
B24DCCC040,2024-03-04,Trương Công Chiến,Khác,236086,Khoản chi đột xuất,
B24DCCC040,2024-01-14,Trương Công Chiến,Giải trí,377918,Khoản chi đột xuất,
B24DCCC040,2024-10-06,Trương Công Chiến,Khác,273627,Thanh toán dịch vụ,
B24DCCC040,2024-10-22,Trương Công Chiến,Giải trí,274491,Chi phí cần thiết trong tháng,
B24DCCC040,2024-06-04,Trương Công Chiến,Giải trí,172561,Thanh toán dịch vụ,
B24DCCC040,2024-11-12,Trương Công Chiến,Di chuyển,112464,Phí dịch vụ hoặc tiện ích,
B24DCCC040,2024-07-29,Trương Công Chiến,Ăn uống,466803,Chi phí cần thiết trong tháng,
B24DCCC040,2024-06-11,Trương Công Chiến,Ăn uống,101603,Chi phí cần thiết trong tháng,
B24DCCC040,2024-09-20,Trương Công Chiến,Học tập,460976,Phí dịch vụ hoặc tiện ích,
B24DCCC040,2024-02-04,Trương Công Chiến,Học tập,143114,Thanh toán dịch vụ,
B24DCCC040,2024-08-30,Trương Công Chiến,Y tế,65468,Thanh toán dịch vụ,
B24DCCC040,2024-10-21,Trương Công Chiến,Khác,53961,Thanh toán dịch vụ,
B24DCCC040,2024-01-02,Trương Công Chiến,Giải trí,435877,Thanh toán dịch vụ,
B24DCCC040,2024-06-25,Trương Công Chiến,Ăn uống,293346,Phí dịch vụ hoặc tiện ích,
B24DCCC040,2024-08-20,Trương Công Chiến,Giải trí,264632,Khoản chi đột xuất,
B24DCCC040,2024-08-27,Trương Công Chiến,Ăn uống,149318,Phí dịch vụ hoặc tiện ích,
B24DCCC040,2024-07-04,Trương Công Chiến,Khác,431695,Thanh toán dịch vụ,
B24DCCC040,2024-04-18,Trương Công Chiến,Mua sắm,144581,Phí dịch vụ hoặc tiện ích,
B24DCCC040,2024-08-10,Trương Công Chiến,Ăn uống,447410,Phí dịch vụ hoặc tiện ích,
B24DCCC040,2024-12-25,Trương Công Chiến,Di chuyển,68092,Thanh toán dịch vụ,
B24DCCC040,2024-02-16,Trương Công Chiến,Khác,89513,Khoản chi đột xuất,
B24DCCC040,2024-09-12,Trương Công Chiến,Khác,236636,Phí dịch vụ hoặc tiện ích,
B24DCCC040,2024-08-20,Trương Công Chiến,Ăn uống,134634,Phí dịch vụ hoặc tiện ích,
B24DCCC040,2024-05-11,Trương Công Chiến,Di chuyển,230095,Khoản chi đột xuất,
B24DCCC040,2024-03-22,Trương Công Chiến,Mua sắm,78935,Khoản chi đột xuất,
B24DCCC040,2024-06-30,Trương Công Chiến,Mua sắm,264537,Phí dịch vụ hoặc tiện ích,
B24DCCC040,2024-01-17,Trương Công Chiến,Di chuyển,223638,Chi phí cần thiết trong tháng,
B24DCCC040,2024-05-15,Trương Công Chiến,Học tập,323743,Chi phí cần thiết trong tháng,
B24DCCC040,2024-08-30,Trương Công Chiến,Ăn uống,358639,Thanh toán dịch vụ,
B24DCCC040,2024-05-03,Trương Công Chiến,Ăn uống,432019,Thanh toán dịch vụ,
B24DCCC040,2024-11-23,Trương Công Chiến,Ăn uống,125979,Chi phí cần thiết trong tháng,
B24DCCC040,2024-01-26,Trương Công Chiến,Mua sắm,117405,Phí dịch vụ hoặc tiện ích,
B24DCCC040,2024-11-12,Trương Công Chiến,Ăn uống,294482,Thanh toán dịch vụ,
B24DCCC040,2024-10-06,Trương Công Chiến,Mua sắm,116583,Phí dịch vụ hoặc tiện ích,
B24DCCC040,2024-01-18,Trương Công Chiến,Di chuyển,148756,Chi phí cần thiết trong tháng,
B24DCCC040,2024-11-09,Trương Công Chiến,Mua sắm,224429,Chi phí cần thiết trong tháng,
B24DCCC040,2024-04-01,Trương Công Chiến,Mua sắm,269840,Phí dịch vụ hoặc tiện ích,
B24DCCC040,2024-10-23,Trương Công Chiến,Mua sắm,484878,Thanh toán dịch vụ,
B24DCCC040,2024-11-08,Trương Công Chiến,Ăn uống,257908,Chi phí cần thiết trong tháng,
B24DCCC040,2024-06-12,Trương Công Chiến,Di chuyển,484190,Phí dịch vụ hoặc tiện ích,
B24DCCC040,2024-04-04,Trương Công Chiến,Di chuyển,203989,Khoản chi đột xuất,
B24DCCC040,2024-01-08,Trương Công Chiến,Di chuyển,203057,Chi phí cần thiết trong tháng,
B24DCCC040,2024-02-16,Trương Công Chiến,Di chuyển,456359,Phí dịch vụ hoặc tiện ích,
B24DCCC040,2024-05-31,Trương Công Chiến,Học tập,392749,Chi phí cần thiết trong tháng,
B24DCCC040,2024-02-02,Trương Công Chiến,Khác,336440,Khoản chi đột xuất,
B24DCCC040,2024-11-03,Trương Công Chiến,Y tế,195199,Chi phí cần thiết trong tháng,
B24DCCC040,2024-10-04,Trương Công Chiến,Mua sắm,293747,Phí dịch vụ hoặc tiện ích,
B24DCCC040,2024-06-18,Trương Công Chiến,Học tập,91284,Chi phí cần thiết trong tháng,
B24DCCC040,2024-04-13,Trương Công Chiến,Ăn uống,94613,Khoản chi đột xuất,
B24DCCC040,2024-01-25,Trương Công Chiến,Y tế,476673,Phí dịch vụ hoặc tiện ích,
B24DCCC040,2024-03-30,Trương Công Chiến,Học tập,271556,Chi phí cần thiết trong tháng,
B24DCCC040,2024-12-02,Trương Công Chiến,Khác,401493,Khoản chi đột xuất,
B24DCCC040,2024-03-29,Trương Công Chiến,Mua sắm,347700,Thanh toán dịch vụ,
B24DCCC040,2024-12-24,Trương Công Chiến,Y tế,29863,Khoản chi đột xuất,
B24DCCC040,2024-09-13,Trương Công Chiến,Ăn uống,355024,Phí dịch vụ hoặc tiện ích,
B24DCCC040,2024-02-16,Trương Công Chiến,Di chuyển,89868,Phí dịch vụ hoặc tiện ích,
B24DCCC040,2024-02-13,Trương Công Chiến,Ăn uống,80208,Thanh toán dịch vụ,
B24DCCC040,2024-12-28,Trương Công Chiến,Di chuyển,379032,Chi phí cần thiết trong tháng,
B24DCCC040,2024-05-01,Trương Công Chiến,Y tế,147622,Khoản chi đột xuất,
B24DCCC040,2024-06-11,Trương Công Chiến,Khác,77349,Thanh toán dịch vụ,
B24DCCC040,2024-04-17,Trương Công Chiến,Khác,185120,Thanh toán dịch vụ,
B24DCCC040,2024-01-12,Trương Công Chiến,Giải trí,312015,Chi phí cần thiết trong tháng,
B24DCCC040,2024-02-22,Trương Công Chiến,Khác,29341,Khoản chi đột xuất,
B24DCCC040,2024-06-05,Trương Công Chiến,Y tế,298606,Chi phí cần thiết trong tháng,
B24DCCC040,2024-11-15,Trương Công Chiến,Giải trí,462510,Chi phí cần thiết trong tháng,
B24DCCC040,2024-05-26,Trương Công Chiến,Y tế,260560,Chi phí cần thiết trong tháng,
B24DCCC040,2024-06-29,Trương Công Chiến,Ăn uống,152945,Phí dịch vụ hoặc tiện ích,
B24DCCC040,2024-08-21,Trương Công Chiến,Mua sắm,438853,Chi phí cần thiết trong tháng,
B24DCCC040,2024-04-18,Trương Công Chiến,Di chuyển,338113,Phí dịch vụ hoặc tiện ích,
B24DCCC040,2024-10-22,Trương Công Chiến,Ăn uống,415925,Khoản chi đột xuất,
B24DCCC040,2024-06-27,Trương Công Chiến,Học tập,477126,Chi phí cần thiết trong tháng,
B24DCCC040,2024-11-08,Trương Công Chiến,Khác,421027,Thanh toán dịch vụ,
B24DCCC040,2024-09-23,Trương Công Chiến,Ăn uống,111481,Khoản chi đột xuất,
B24DCCC040,2024-07-17,Trương Công Chiến,Học tập,210797,Chi phí cần thiết trong tháng,
B24DCCC040,2024-04-20,Trương Công Chiến,Khác,273670,Khoản chi đột xuất,
B24DCCC040,2024-12-07,Trương Công Chiến,Học tập,208944,Khoản chi đột xuất,
B24DCCC040,2024-08-19,Trương Công Chiến,Khác,205519,Chi phí cần thiết trong tháng,
B24DCCC040,2024-02-09,Trương Công Chiến,Học tập,301863,Khoản chi đột xuất,
B24DCCC040,2024-06-13,Trương Công Chiến,Giải trí,243973,Khoản chi đột xuất,
B24DCCC040,2024-02-10,Trương Công Chiến,Y tế,293368,Phí dịch vụ hoặc tiện ích,
B24DCCC040,2024-10-02,Trương Công Chiến,Học tập,115134,Phí dịch vụ hoặc tiện ích,
B24DCCC040,2024-08-19,Trương Công Chiến,Di chuyển,443998,Chi phí cần thiết trong tháng,
B24DCCC040,2024-06-07,Trương Công Chiến,Ăn uống,60745,Chi phí cần thiết trong tháng,
B24DCCC040,2024-12-09,Trương Công Chiến,Ăn uống,437751,Thanh toán dịch vụ,
B24DCCC040,2024-12-16,Trương Công Chiến,Khác,489722,Thanh toán dịch vụ,
B24DCCC040,2024-03-25,Trương Công Chiến,Học tập,71954,Khoản chi đột xuất,
B24DCCC040,2024-08-06,Trương Công Chiến,Khác,127812,Phí dịch vụ hoặc tiện ích,
B24DCCC040,2024-01-18,Trương Công Chiến,Giải trí,434999,Khoản chi đột xuất,
B24DCCC040,2024-10-01,Trương Công Chiến,Học tập,396446,Chi phí cần thiết trong tháng,
B24DCCC040,2024-10-02,Trương Công Chiến,Khác,43857,Chi phí cần thiết trong tháng,
B24DCCC040,2024-09-23,Trương Công Chiến,Khác,475150,Phí dịch vụ hoặc tiện ích,
B24DCCC040,2024-10-12,Trương Công Chiến,Y tế,197276,Chi phí cần thiết trong tháng,
B24DCCC040,2024-04-15,Trương Công Chiến,Khác,405205,Thanh toán dịch vụ,
B24DCCC040,2024-12-21,Trương Công Chiến,Mua sắm,101726,Thanh toán dịch vụ,
B24DCCC040,2024-08-03,Trương Công Chiến,Mua sắm,183376,Khoản chi đột xuất,
B24DCCC040,2024-11-10,Trương Công Chiến,Ăn uống,409090,Phí dịch vụ hoặc tiện ích,
B24DCCC040,2024-12-05,Trương Công Chiến,Giải trí,414256,Thanh toán dịch vụ,
B24DCCC040,2024-05-31,Trương Công Chiến,Giải trí,455029,Chi phí cần thiết trong tháng,
B24DCCC040,2024-06-26,Trương Công Chiến,Giải trí,110698,Chi phí cần thiết trong tháng,
B24DCCC040,2024-01-09,Trương Công Chiến,Giải trí,245105,Chi phí cần thiết trong tháng,
B24DCCC040,2024-05-02,Trương Công Chiến,Mua sắm,492978,Chi phí cần thiết trong tháng,
B24DCCC040,2024-05-21,Trương Công Chiến,Giải trí,276381,Khoản chi đột xuất,
B24DCCC040,2024-02-14,Trương Công Chiến,Học tập,334502,Khoản chi đột xuất,
B24DCCC040,2024-05-05,Trương Công Chiến,Khác,121331,Khoản chi đột xuất,
B24DCCC040,2024-07-27,Trương Công Chiến,Ăn uống,260692,Phí dịch vụ hoặc tiện ích,
B24DCCC040,2024-09-17,Trương Công Chiến,Học tập,251518,Chi phí cần thiết trong tháng,
B24DCCC040,2024-06-22,Trương Công Chiến,Giải trí,365177,Phí dịch vụ hoặc tiện ích,
B24DCCC040,2024-11-15,Trương Công Chiến,Học tập,424132,Chi phí cần thiết trong tháng,
B24DCCC040,2024-07-25,Trương Công Chiến,Di chuyển,497634,Phí dịch vụ hoặc tiện ích,
B24DCCC040,2024-06-30,Trương Công Chiến,Mua sắm,63324,Chi phí cần thiết trong tháng,
B24DCCC040,2024-04-13,Trương Công Chiến,Khác,250304,Thanh toán dịch vụ,
B24DCCC040,2024-11-06,Trương Công Chiến,Ăn uống,181226,Thanh toán dịch vụ,
B24DCCC040,2024-04-06,Trương Công Chiến,Y tế,443982,Khoản chi đột xuất,
B24DCCC040,2024-09-21,Trương Công Chiến,Giải trí,350490,Phí dịch vụ hoặc tiện ích,
B24DCCC040,2024-05-10,Trương Công Chiến,Khác,102697,Khoản chi đột xuất,
B24DCCC040,2024-04-01,Trương Công Chiến,Ăn uống,168454,Chi phí cần thiết trong tháng,
B24DCCC040,2024-09-28,Trương Công Chiến,Giải trí,293540,Thanh toán dịch vụ,
B24DCCC040,2024-10-03,Trương Công Chiến,Khác,266254,Chi phí cần thiết trong tháng,
B24DCCC040,2024-02-27,Trương Công Chiến,Khác,263406,Khoản chi đột xuất,
B24DCCC040,2024-09-08,Trương Công Chiến,Mua sắm,211535,Thanh toán dịch vụ,
B24DCCC040,2024-02-01,Trương Công Chiến,Di chuyển,436760,Khoản chi đột xuất,
B24DCCC040,2024-12-06,Trương Công Chiến,Giải trí,79368,Khoản chi đột xuất,
B24DCCC040,2024-10-22,Trương Công Chiến,Giải trí,330237,Thanh toán dịch vụ,
B24DCCC040,2024-08-24,Trương Công Chiến,Học tập,49235,Phí dịch vụ hoặc tiện ích,
B24DCCC040,2024-11-06,Trương Công Chiến,Y tế,75987,Phí dịch vụ hoặc tiện ích,
B24DCCC040,2024-07-27,Trương Công Chiến,Di chuyển,63980,Phí dịch vụ hoặc tiện ích,
B24DCCC040,2024-06-23,Trương Công Chiến,Học tập,224708,Khoản chi đột xuất,
B24DCCC040,2024-09-11,Trương Công Chiến,Di chuyển,303979,Khoản chi đột xuất,
B24DCCC040,2024-07-31,Trương Công Chiến,Y tế,497943,Khoản chi đột xuất,
B24DCCC040,2024-07-11,Trương Công Chiến,Mua sắm,205943,Thanh toán dịch vụ,
B24DCCC040,2024-07-21,Trương Công Chiến,Di chuyển,175426,Phí dịch vụ hoặc tiện ích,
B24DCCC040,2024-08-18,Trương Công Chiến,Học tập,470645,Khoản chi đột xuất,
B24DCCC040,2024-05-11,Trương Công Chiến,Khác,89680,Khoản chi đột xuất,
B24DCCC040,2024-08-19,Trương Công Chiến,Ăn uống,108873,Khoản chi đột xuất,
B24DCCC040,2024-08-10,Trương Công Chiến,Giải trí,202520,Thanh toán dịch vụ,
B24DCCC040,2024-09-27,Trương Công Chiến,Học tập,53543,Phí dịch vụ hoặc tiện ích,
B24DCCC040,2024-12-08,Trương Công Chiến,Giải trí,390821,Thanh toán dịch vụ,
B24DCCC040,2024-02-03,Trương Công Chiến,Học tập,301698,Khoản chi đột xuất,
B24DCCC040,2024-08-13,Trương Công Chiến,Ăn uống,212404,Khoản chi đột xuất,
B24DCCC040,2024-03-25,Trương Công Chiến,Ăn uống,327116,Khoản chi đột xuất,
B24DCCC040,2024-01-18,Trương Công Chiến,Giải trí,280551,Thanh toán dịch vụ,
B24DCCC040,2024-06-14,Trương Công Chiến,Ăn uống,347292,Khoản chi đột xuất,
B24DCCC040,2024-06-30,Trương Công Chiến,Ăn uống,160777,Chi phí cần thiết trong tháng,
B24DCCC040,2024-04-30,Trương Công Chiến,Ăn uống,461934,Khoản chi đột xuất,
B24DCCC040,2024-05-10,Trương Công Chiến,Y tế,326619,Khoản chi đột xuất,
B24DCCC040,2024-10-23,Trương Công Chiến,Giải trí,186448,Khoản chi đột xuất,
B24DCCC040,2024-07-07,Trương Công Chiến,Giải trí,105164,Chi phí cần thiết trong tháng,
B24DCCC040,2024-11-25,Trương Công Chiến,Ăn uống,457208,Thanh toán dịch vụ,
B24DCCC040,2024-04-30,Trương Công Chiến,Giải trí,438186,Chi phí cần thiết trong tháng,
B24DCCC040,2024-02-21,Trương Công Chiến,Di chuyển,464056,Thanh toán dịch vụ,
B24DCCC040,2024-08-18,Trương Công Chiến,Di chuyển,458867,Thanh toán dịch vụ,
B24DCCC040,2024-06-21,Trương Công Chiến,Mua sắm,430519,Chi phí cần thiết trong tháng,
B24DCCC040,2024-06-16,Trương Công Chiến,Mua sắm,182529,Thanh toán dịch vụ,
B24DCCC040,2024-03-15,Trương Công Chiến,Khác,64529,Thanh toán dịch vụ,
B24DCCC040,2024-07-25,Trương Công Chiến,Y tế,187610,Phí dịch vụ hoặc tiện ích,
B24DCCC040,2024-09-09,Trương Công Chiến,Di chuyển,422777,Thanh toán dịch vụ,
B24DCCC040,2024-07-11,Trương Công Chiến,Y tế,136712,Chi phí cần thiết trong tháng,
B24DCCC040,2024-01-16,Trương Công Chiến,Mua sắm,370314,Chi phí cần thiết trong tháng,
B24DCCC040,2024-04-30,Trương Công Chiến,Học tập,482697,Thanh toán dịch vụ,
B24DCCC040,2024-03-03,Trương Công Chiến,Mua sắm,477864,Chi phí cần thiết trong tháng,
B24DCCC040,2024-12-23,Trương Công Chiến,Di chuyển,52252,Chi phí cần thiết trong tháng,
B24DCCC040,2024-08-08,Trương Công Chiến,Mua sắm,423521,Thanh toán dịch vụ,
B24DCCC040,2024-12-28,Trương Công Chiến,Y tế,176104,Khoản chi đột xuất,
B24DCCC040,2024-06-02,Trương Công Chiến,Giải trí,183720,Thanh toán dịch vụ,
B24DCCC040,2024-07-15,Trương Công Chiến,Giải trí,347660,Chi phí cần thiết trong tháng,
B24DCCC040,2024-01-26,Trương Công Chiến,Học tập,343328,Chi phí cần thiết trong tháng,
B24DCCC040,2024-11-24,Trương Công Chiến,Học tập,235061,Khoản chi đột xuất,
B24DCCC040,2024-08-15,Trương Công Chiến,Khác,344209,Phí dịch vụ hoặc tiện ích,
B24DCCC040,2024-01-16,Trương Công Chiến,Y tế,98230,Khoản chi đột xuất,
B24DCCC040,2024-03-09,Trương Công Chiến,Mua sắm,414970,Chi phí cần thiết trong tháng,
B24DCCC040,2024-03-24,Trương Công Chiến,Ăn uống,495385,Thanh toán dịch vụ,
B24DCCC040,2024-05-16,Trương Công Chiến,Học tập,20307,Thanh toán dịch vụ,
B24DCCC040,2024-09-02,Trương Công Chiến,Khác,385140,Thanh toán dịch vụ,
B24DCCC040,2024-10-23,Trương Công Chiến,Y tế,24997,Thanh toán dịch vụ,
B24DCCC040,2024-11-19,Trương Công Chiến,Khác,451955,Khoản chi đột xuất,
B24DCCC040,2024-05-30,Trương Công Chiến,Giải trí,339754,Chi phí cần thiết trong tháng,
B24DCCC040,2024-08-12,Trương Công Chiến,Di chuyển,360103,Khoản chi đột xuất,
B24DCCC040,2024-04-01,Trương Công Chiến,Giải trí,485240,Thanh toán dịch vụ,
B24DCCC040,2024-05-07,Trương Công Chiến,Di chuyển,429742,Phí dịch vụ hoặc tiện ích,
B24DCCC040,2024-08-16,Trương Công Chiến,Ăn uống,119453,Khoản chi đột xuất,
B24DCCC040,2024-05-14,Trương Công Chiến,Y tế,320548,Phí dịch vụ hoặc tiện ích,
B24DCCC040,2024-01-02,Trương Công Chiến,Y tế,245318,Phí dịch vụ hoặc tiện ích,
B24DCCC040,2024-12-30,Trương Công Chiến,Ăn uống,418990,Chi phí cần thiết trong tháng,
B24DCCC040,2024-08-27,Trương Công Chiến,Giải trí,205829,Phí dịch vụ hoặc tiện ích,
B24DCCC040,2024-03-19,Trương Công Chiến,Khác,191935,Thanh toán dịch vụ,
B24DCCC040,2024-04-13,Trương Công Chiến,Giải trí,381487,Khoản chi đột xuất,
B24DCCC040,2024-01-04,Trương Công Chiến,Di chuyển,142760,Phí dịch vụ hoặc tiện ích,
B24DCCC040,2024-03-21,Trương Công Chiến,Ăn uống,33886,Khoản chi đột xuất,
B24DCCC040,2024-04-08,Trương Công Chiến,Di chuyển,219034,Khoản chi đột xuất,
B24DCCC040,2024-04-20,Trương Công Chiến,Giải trí,293988,Thanh toán dịch vụ,
B24DCCC040,2024-05-29,Trương Công Chiến,Khác,86960,Khoản chi đột xuất,
B24DCCC040,2024-01-04,Trương Công Chiến,Mua sắm,140026,Khoản chi đột xuất,
B24DCCC040,2024-11-19,Trương Công Chiến,Ăn uống,287765,Chi phí cần thiết trong tháng,
B24DCCC040,2024-09-02,Trương Công Chiến,Giải trí,262330,Chi phí cần thiết trong tháng,
B24DCCC040,2024-05-07,Trương Công Chiến,Khác,199839,Khoản chi đột xuất,
B24DCCC040,2024-10-03,Trương Công Chiến,Ăn uống,184501,Chi phí cần thiết trong tháng,
B24DCCC040,2024-06-04,Trương Công Chiến,Ăn uống,435091,Chi phí cần thiết trong tháng,
B24DCCC040,2024-05-31,Trương Công Chiến,Mua sắm,137935,Chi phí cần thiết trong tháng,
B24DCCC040,2024-01-05,Trương Công Chiến,Ăn uống,401367,Chi phí cần thiết trong tháng,
B24DCCC040,2024-12-01,Trương Công Chiến,Y tế,112001,Chi phí cần thiết trong tháng,
B24DCCC040,2024-04-28,Trương Công Chiến,Giải trí,320044,Chi phí cần thiết trong tháng,
B24DCCC040,2024-12-05,Trương Công Chiến,Ăn uống,148088,Phí dịch vụ hoặc tiện ích,
B24DCCC040,2024-11-29,Trương Công Chiến,Khác,150469,Chi phí cần thiết trong tháng,
B24DCCC040,2024-03-14,Trương Công Chiến,Học tập,468958,Phí dịch vụ hoặc tiện ích,
B24DCCC040,2024-04-07,Trương Công Chiến,Khác,440449,Thanh toán dịch vụ,
B24DCCC040,2024-12-16,Trương Công Chiến,Khác,310745,Thanh toán dịch vụ,
B24DCCC040,2024-08-29,Trương Công Chiến,Khác,233330,Chi phí cần thiết trong tháng,
B24DCCC040,2024-05-23,Trương Công Chiến,Y tế,447053,Khoản chi đột xuất,
B24DCCC040,2024-01-04,Trương Công Chiến,Học tập,378183,Phí dịch vụ hoặc tiện ích,
B24DCCC040,2024-02-09,Trương Công Chiến,Di chuyển,466186,Thanh toán dịch vụ,
B24DCCC040,2024-01-29,Trương Công Chiến,Y tế,28969,Thanh toán dịch vụ,
B24DCCC040,2024-10-01,Trương Công Chiến,Ăn uống,51879,Thanh toán dịch vụ,
B24DCCC040,2024-05-20,Trương Công Chiến,Y tế,320455,Khoản chi đột xuất,
B24DCCC040,2024-08-02,Trương Công Chiến,Di chuyển,361105,Phí dịch vụ hoặc tiện ích,
B24DCCC040,2024-10-14,Trương Công Chiến,Y tế,374709,Chi phí cần thiết trong tháng,
B24DCCC040,2024-03-02,Trương Công Chiến,Học tập,118833,Phí dịch vụ hoặc tiện ích,
B24DCCC040,2024-04-04,Trương Công Chiến,Khác,285508,Thanh toán dịch vụ,
B24DCCC040,2024-03-23,Trương Công Chiến,Di chuyển,427949,Chi phí cần thiết trong tháng,
B24DCCC040,2024-06-13,Trương Công Chiến,Mua sắm,360328,Chi phí cần thiết trong tháng,
B24DCCC040,2024-12-02,Trương Công Chiến,Giải trí,28487,Khoản chi đột xuất,
B24DCCC040,2024-03-26,Trương Công Chiến,Khác,117001,Phí dịch vụ hoặc tiện ích,
B24DCCC040,2024-06-28,Trương Công Chiến,Ăn uống,122530,Thanh toán dịch vụ,
B24DCCC040,2024-05-29,Trương Công Chiến,Y tế,315419,Thanh toán dịch vụ,
B24DCCC040,2024-06-16,Trương Công Chiến,Di chuyển,466150,Thanh toán dịch vụ,
B24DCCC040,2024-11-06,Trương Công Chiến,Mua sắm,482328,Chi phí cần thiết trong tháng,
B24DCCC040,2024-06-14,Trương Công Chiến,Khác,141371,Thanh toán dịch vụ,
B24DCCC040,2024-07-09,Trương Công Chiến,Giải trí,37895,Thanh toán dịch vụ,
B24DCCC040,2024-02-29,Trương Công Chiến,Học tập,51921,Phí dịch vụ hoặc tiện ích,
B24DCCC040,2024-01-04,Trương Công Chiến,Giải trí,451529,Khoản chi đột xuất,
B24DCCC040,2024-01-16,Trương Công Chiến,Học tập,165672,Thanh toán dịch vụ,
B24DCCC040,2024-01-13,Trương Công Chiến,Học tập,73901,Thanh toán dịch vụ,
B24DCCC040,2024-11-08,Trương Công Chiến,Khác,412555,Chi phí cần thiết trong tháng,
B24DCCC040,2024-06-17,Trương Công Chiến,Di chuyển,69790,Phí dịch vụ hoặc tiện ích,
B24DCCC040,2024-03-25,Trương Công Chiến,Khác,32918,Chi phí cần thiết trong tháng,
B24DCCC040,2024-09-10,Trương Công Chiến,Mua sắm,172787,Thanh toán dịch vụ,
B24DCCC040,2024-12-20,Trương Công Chiến,Di chuyển,483483,Chi phí cần thiết trong tháng,
B24DCCC040,2024-06-27,Trương Công Chiến,Y tế,239422,Thanh toán dịch vụ,
B24DCCC040,2024-07-31,Trương Công Chiến,Mua sắm,372815,Thanh toán dịch vụ,
B24DCCC040,2024-10-17,Trương Công Chiến,Ăn uống,431189,Thanh toán dịch vụ,
B24DCCC040,2024-10-13,Trương Công Chiến,Y tế,454926,Thanh toán dịch vụ,
B24DCCC040,2024-12-30,Trương Công Chiến,Ăn uống,373575,Thanh toán dịch vụ,
B24DCCC040,2024-08-09,Trương Công Chiến,Khác,347893,Khoản chi đột xuất,
B24DCCC040,2024-08-14,Trương Công Chiến,Giải trí,215089,Thanh toán dịch vụ,
B24DCCC040,2024-08-24,Trương Công Chiến,Di chuyển,431149,Phí dịch vụ hoặc tiện ích,
B24DCCC040,2024-09-04,Trương Công Chiến,Khác,380902,Chi phí cần thiết trong tháng,
B24DCCC040,2024-03-24,Trương Công Chiến,Di chuyển,108329,Khoản chi đột xuất,
B24DCCC040,2024-07-28,Trương Công Chiến,Giải trí,91585,Khoản chi đột xuất,
B24DCCC040,2024-10-05,Trương Công Chiến,Di chuyển,467772,Phí dịch vụ hoặc tiện ích,
B24DCCC040,2024-03-24,Trương Công Chiến,Khác,427953,Phí dịch vụ hoặc tiện ích,
B24DCCC040,2024-08-26,Trương Công Chiến,Học tập,179185,Phí dịch vụ hoặc tiện ích,
B24DCCC040,2024-09-20,Trương Công Chiến,Giải trí,226416,Thanh toán dịch vụ,
B24DCCC040,2024-02-02,Trương Công Chiến,Y tế,111159,Thanh toán dịch vụ,
B24DCCC040,2024-07-15,Trương Công Chiến,Y tế,479696,Khoản chi đột xuất,
B24DCCC040,2024-06-30,Trương Công Chiến,Ăn uống,286257,Thanh toán dịch vụ,
B24DCCC040,2024-04-28,Trương Công Chiến,Y tế,66365,Phí dịch vụ hoặc tiện ích,
B24DCCC040,2024-06-21,Trương Công Chiến,Ăn uống,280765,Chi phí cần thiết trong tháng,
B24DCCC040,2024-08-23,Trương Công Chiến,Mua sắm,247183,Phí dịch vụ hoặc tiện ích,
B24DCCC040,2024-04-28,Trương Công Chiến,Mua sắm,174284,Khoản chi đột xuất,
B24DCCC040,2024-04-18,Trương Công Chiến,Ăn uống,350769,Phí dịch vụ hoặc tiện ích,
B24DCCC040,2024-03-22,Trương Công Chiến,Học tập,427344,Chi phí cần thiết trong tháng,
B24DCCC040,2024-07-24,Trương Công Chiến,Di chuyển,37526,Phí dịch vụ hoặc tiện ích,
B24DCCC040,2024-08-07,Trương Công Chiến,Mua sắm,143051,Thanh toán dịch vụ,
B24DCCC040,2024-01-25,Trương Công Chiến,Ăn uống,472501,Chi phí cần thiết trong tháng,
B24DCCC040,2024-02-26,Trương Công Chiến,Mua sắm,286127,Phí dịch vụ hoặc tiện ích,
B24DCCC040,2024-04-26,Trương Công Chiến,Y tế,327392,Khoản chi đột xuất,
B24DCCC040,2024-08-20,Trương Công Chiến,Khác,299189,Phí dịch vụ hoặc tiện ích,
B24DCCC040,2024-04-30,Trương Công Chiến,Mua sắm,175826,Phí dịch vụ hoặc tiện ích,
B24DCCC040,2024-04-07,Trương Công Chiến,Mua sắm,165966,Thanh toán dịch vụ,
B24DCCC040,2024-11-14,Trương Công Chiến,Y tế,80349,Chi phí cần thiết trong tháng,
B24DCCC040,2024-03-13,Trương Công Chiến,Mua sắm,68900,Chi phí cần thiết trong tháng,
B24DCCC040,2024-04-17,Trương Công Chiến,Giải trí,200314,Khoản chi đột xuất,
B24DCCC040,2024-04-23,Trương Công Chiến,Khác,495230,Thanh toán dịch vụ,
B24DCCC040,2024-09-30,Trương Công Chiến,Mua sắm,239369,Thanh toán dịch vụ,
B24DCCC040,2024-04-19,Trương Công Chiến,Y tế,98351,Khoản chi đột xuất,
B24DCCC040,2024-12-13,Trương Công Chiến,Học tập,362171,Chi phí cần thiết trong tháng,
B24DCCC040,2024-11-23,Trương Công Chiến,Y tế,331155,Thanh toán dịch vụ,
B24DCCC040,2024-01-09,Trương Công Chiến,Mua sắm,320128,Khoản chi đột xuất,
B24DCCC040,2024-12-30,Trương Công Chiến,Ăn uống,415291,Chi phí cần thiết trong tháng,
B24DCCC040,2024-06-08,Trương Công Chiến,Giải trí,49401,Phí dịch vụ hoặc tiện ích,
B24DCCC040,2024-09-28,Trương Công Chiến,Y tế,50927,Khoản chi đột xuất,
B24DCCC040,2024-11-15,Trương Công Chiến,Mua sắm,52214,Thanh toán dịch vụ,
B24DCCC040,2024-05-19,Trương Công Chiến,Y tế,58326,Phí dịch vụ hoặc tiện ích,
B24DCCC040,2024-08-29,Trương Công Chiến,Di chuyển,421773,Thanh toán dịch vụ,
B24DCCC040,2024-02-08,Trương Công Chiến,Ăn uống,237016,Khoản chi đột xuất,
B24DCCC040,2024-04-02,Trương Công Chiến,Giải trí,230273,Thanh toán dịch vụ,
B24DCCC040,2024-07-27,Trương Công Chiến,Học tập,486320,Thanh toán dịch vụ,
B24DCCC040,2024-05-26,Trương Công Chiến,Giải trí,75337,Phí dịch vụ hoặc tiện ích,
B24DCCC040,2024-11-19,Trương Công Chiến,Y tế,48529,Thanh toán dịch vụ,
B24DCCC040,2024-11-13,Trương Công Chiến,Khác,78667,Khoản chi đột xuất,
B24DCCC040,2024-10-01,Trương Công Chiến,Khác,483456,Thanh toán dịch vụ,
B24DCCC040,2024-11-13,Trương Công Chiến,Học tập,397488,Chi phí cần thiết trong tháng,
B24DCCC040,2024-01-14,Trương Công Chiến,Giải trí,177108,Chi phí cần thiết trong tháng,
B24DCCC040,2024-04-02,Trương Công Chiến,Mua sắm,305209,Phí dịch vụ hoặc tiện ích,
B24DCCC040,2024-06-11,Trương Công Chiến,Ăn uống,409421,Phí dịch vụ hoặc tiện ích,
B24DCCC040,2024-03-14,Trương Công Chiến,Ăn uống,188464,Khoản chi đột xuất,
B24DCCC040,2024-02-22,Trương Công Chiến,Khác,342246,Phí dịch vụ hoặc tiện ích,
B24DCCC040,2024-11-13,Trương Công Chiến,Ăn uống,264084,Khoản chi đột xuất,
B24DCCC040,2024-03-18,Trương Công Chiến,Học tập,411805,Khoản chi đột xuất,
B24DCCC040,2024-06-22,Trương Công Chiến,Mua sắm,172902,Chi phí cần thiết trong tháng,
B24DCCC040,2024-09-30,Trương Công Chiến,Giải trí,356119,Thanh toán dịch vụ,
B24DCCC040,2024-04-19,Trương Công Chiến,Ăn uống,121557,Phí dịch vụ hoặc tiện ích,
B24DCCC040,2024-08-27,Trương Công Chiến,Ăn uống,293983,Chi phí cần thiết trong tháng,
B24DCCC040,2024-12-22,Trương Công Chiến,Học tập,65553,Chi phí cần thiết trong tháng,
B24DCCC040,2024-03-12,Trương Công Chiến,Di chuyển,301630,Phí dịch vụ hoặc tiện ích,
B24DCCC040,2024-09-21,Trương Công Chiến,Học tập,148459,Thanh toán dịch vụ,
B24DCCC040,2024-04-13,Trương Công Chiến,Học tập,331922,Phí dịch vụ hoặc tiện ích,
B24DCCC040,2024-03-22,Trương Công Chiến,Mua sắm,141773,Thanh toán dịch vụ,
B24DCCC040,2024-07-06,Trương Công Chiến,Ăn uống,192177,Phí dịch vụ hoặc tiện ích,
B24DCCC040,2024-07-27,Trương Công Chiến,Y tế,283734,Khoản chi đột xuất,
B24DCCC040,2024-10-07,Trương Công Chiến,Di chuyển,223877,Thanh toán dịch vụ,
B24DCCC040,2024-12-19,Trương Công Chiến,Y tế,360204,Khoản chi đột xuất,
B24DCCC040,2024-08-23,Trương Công Chiến,Mua sắm,345271,Khoản chi đột xuất,
B24DCCC040,2024-04-27,Trương Công Chiến,Khác,324980,Chi phí cần thiết trong tháng,
B24DCCC040,2024-09-01,Trương Công Chiến,Khác,418998,Khoản chi đột xuất,
B24DCCC040,2024-03-16,Trương Công Chiến,Khác,96716,Phí dịch vụ hoặc tiện ích,
B24DCCC040,2024-10-31,Trương Công Chiến,Di chuyển,262211,Khoản chi đột xuất,
B24DCCC040,2024-02-26,Trương Công Chiến,Mua sắm,57776,Thanh toán dịch vụ,
B24DCCC040,2024-09-16,Trương Công Chiến,Di chuyển,48349,Khoản chi đột xuất,
B24DCCC040,2024-08-20,Trương Công Chiến,Ăn uống,300253,Chi phí cần thiết trong tháng,
B24DCCC040,2024-03-19,Trương Công Chiến,Di chuyển,431471,Khoản chi đột xuất,
B24DCCC040,2024-05-23,Trương Công Chiến,Khác,186813,Phí dịch vụ hoặc tiện ích,
B24DCCC040,2024-03-13,Trương Công Chiến,Khác,91307,Phí dịch vụ hoặc tiện ích,
B24DCCC040,2024-04-27,Trương Công Chiến,Di chuyển,278621,Thanh toán dịch vụ,
B24DCCC040,2024-07-26,Trương Công Chiến,Ăn uống,364925,Chi phí cần thiết trong tháng,
B24DCCC040,2024-05-16,Trương Công Chiến,Y tế,113625,Khoản chi đột xuất,
B24DCCC040,2024-06-17,Trương Công Chiến,Học tập,381778,Phí dịch vụ hoặc tiện ích,
B24DCCC040,2024-02-02,Trương Công Chiến,Mua sắm,346738,Khoản chi đột xuất,
B24DCCC040,2024-06-16,Trương Công Chiến,Khác,137617,Thanh toán dịch vụ,
B24DCCC040,2024-02-23,Trương Công Chiến,Di chuyển,322418,Thanh toán dịch vụ,
B24DCCC040,2024-02-15,Trương Công Chiến,Khác,337719,Khoản chi đột xuất,
B24DCCC040,2024-03-08,Trương Công Chiến,Học tập,256759,Thanh toán dịch vụ,
B24DCCC040,2024-10-09,Trương Công Chiến,Y tế,280483,Khoản chi đột xuất,
B24DCCC040,2024-01-26,Trương Công Chiến,Di chuyển,84610,Chi phí cần thiết trong tháng,
B24DCCC040,2024-06-10,Trương Công Chiến,Y tế,315129,Thanh toán dịch vụ,
B24DCCC040,2024-10-16,Trương Công Chiến,Y tế,99830,Khoản chi đột xuất,
B24DCCC040,2024-07-06,Trương Công Chiến,Mua sắm,46665,Thanh toán dịch vụ,
B24DCCC040,2024-06-07,Trương Công Chiến,Giải trí,344897,Khoản chi đột xuất,
B24DCCC040,2024-08-09,Trương Công Chiến,Y tế,43748,Phí dịch vụ hoặc tiện ích,
B24DCCC040,2024-04-27,Trương Công Chiến,Học tập,232845,Chi phí cần thiết trong tháng,
B24DCCC040,2024-06-21,Trương Công Chiến,Ăn uống,326573,Thanh toán dịch vụ,
B24DCCC040,2024-04-03,Trương Công Chiến,Khác,147449,Thanh toán dịch vụ,
B24DCCC040,2024-10-30,Trương Công Chiến,Khác,447284,Khoản chi đột xuất,
B24DCCC040,2024-04-28,Trương Công Chiến,Học tập,217503,Chi phí cần thiết trong tháng,
B24DCCC040,2024-08-30,Trương Công Chiến,Học tập,198172,Khoản chi đột xuất,
B24DCCC040,2024-08-08,Trương Công Chiến,Y tế,116005,Chi phí cần thiết trong tháng,
B24DCCC040,2024-05-22,Trương Công Chiến,Giải trí,135696,Thanh toán dịch vụ,
B24DCCC040,2024-07-11,Trương Công Chiến,Di chuyển,462284,Thanh toán dịch vụ,
B24DCCC040,2024-05-08,Trương Công Chiến,Y tế,452451,Chi phí cần thiết trong tháng,
B24DCCC040,2024-04-29,Trương Công Chiến,Giải trí,202086,Chi phí cần thiết trong tháng,
B24DCCC040,2024-09-30,Trương Công Chiến,Ăn uống,385082,Chi phí cần thiết trong tháng,
B24DCCC040,2024-07-18,Trương Công Chiến,Ăn uống,495093,Khoản chi đột xuất,
B24DCCC040,2024-01-11,Trương Công Chiến,Y tế,442434,Khoản chi đột xuất,
B24DCCC040,2024-11-21,Trương Công Chiến,Di chuyển,477371,Thanh toán dịch vụ,
B24DCCC040,2024-03-20,Trương Công Chiến,Ăn uống,28124,Chi phí cần thiết trong tháng,
B24DCCC040,2024-04-01,Trương Công Chiến,Ăn uống,269043,Phí dịch vụ hoặc tiện ích,
B24DCCC040,2024-11-09,Trương Công Chiến,Mua sắm,410615,Khoản chi đột xuất,
B24DCCC040,2024-11-07,Trương Công Chiến,Giải trí,416243,Phí dịch vụ hoặc tiện ích,
B24DCCC040,2024-12-13,Trương Công Chiến,Học tập,317439,Chi phí cần thiết trong tháng,
B24DCCC040,2024-09-30,Trương Công Chiến,Mua sắm,351504,Thanh toán dịch vụ,
B24DCCC040,2024-04-07,Trương Công Chiến,Khác,448192,Thanh toán dịch vụ,
B24DCCC040,2024-05-15,Trương Công Chiến,Y tế,378627,Chi phí cần thiết trong tháng,
B24DCCC040,2024-01-15,Trương Công Chiến,Mua sắm,53466,Phí dịch vụ hoặc tiện ích,
B24DCCC040,2024-08-11,Trương Công Chiến,Giải trí,413870,Chi phí cần thiết trong tháng,
B24DCCC040,2024-10-07,Trương Công Chiến,Di chuyển,327171,Chi phí cần thiết trong tháng,
B24DCCC040,2024-02-02,Trương Công Chiến,Di chuyển,88012,Khoản chi đột xuất,
B24DCCC040,2024-01-20,Trương Công Chiến,Y tế,119968,Phí dịch vụ hoặc tiện ích,
B24DCCC040,2024-11-01,Trương Công Chiến,Học tập,491021,Phí dịch vụ hoặc tiện ích,
B24DCCC040,2024-03-07,Trương Công Chiến,Khác,474246,Chi phí cần thiết trong tháng,
B24DCCC040,2024-02-26,Trương Công Chiến,Di chuyển,206166,Khoản chi đột xuất,
B24DCCC040,2024-12-14,Trương Công Chiến,Ăn uống,102743,Phí dịch vụ hoặc tiện ích,
B24DCCC040,2024-10-01,Trương Công Chiến,Y tế,138895,Chi phí cần thiết trong tháng,
B24DCCC040,2024-10-11,Trương Công Chiến,Y tế,378885,Phí dịch vụ hoặc tiện ích,
B24DCCC040,2024-03-25,Trương Công Chiến,Học tập,52835,Phí dịch vụ hoặc tiện ích,
B24DCCC040,2024-01-05,Trương Công Chiến,Ăn uống,490356,Phí dịch vụ hoặc tiện ích,
B24DCCC040,2024-12-13,Trương Công Chiến,Giải trí,110654,Thanh toán dịch vụ,
B24DCCC040,2024-05-30,Trương Công Chiến,Học tập,456811,Phí dịch vụ hoặc tiện ích,
B24DCCC040,2024-11-13,Trương Công Chiến,Giải trí,252625,Thanh toán dịch vụ,
B24DCCC040,2024-04-02,Trương Công Chiến,Mua sắm,357737,Phí dịch vụ hoặc tiện ích,
B24DCCC040,2024-09-05,Trương Công Chiến,Khác,137156,Phí dịch vụ hoặc tiện ích,
B24DCCC040,2024-09-16,Trương Công Chiến,Di chuyển,326576,Phí dịch vụ hoặc tiện ích,
B24DCCC040,2024-10-25,Trương Công Chiến,Mua sắm,123099,Thanh toán dịch vụ,
B24DCCC040,2024-02-11,Trương Công Chiến,Học tập,493235,Khoản chi đột xuất,
B24DCCC040,2024-12-15,Trương Công Chiến,Mua sắm,213872,Chi phí cần thiết trong tháng,
B24DCCC040,2024-05-10,Trương Công Chiến,Di chuyển,83526,Phí dịch vụ hoặc tiện ích,
B24DCCC040,2024-04-12,Trương Công Chiến,Di chuyển,160306,Chi phí cần thiết trong tháng,
B24DCCC040,2024-08-12,Trương Công Chiến,Di chuyển,291679,Thanh toán dịch vụ,
B24DCCC040,2024-03-19,Trương Công Chiến,Học tập,350804,Khoản chi đột xuất,
B24DCCC040,2024-04-14,Trương Công Chiến,Ăn uống,261773,Khoản chi đột xuất,
B24DCCC040,2024-03-15,Trương Công Chiến,Học tập,293505,Thanh toán dịch vụ,
B24DCCC040,2024-02-03,Trương Công Chiến,Khác,160331,Khoản chi đột xuất,
B24DCCC040,2024-12-02,Trương Công Chiến,Y tế,119883,Thanh toán dịch vụ,
B24DCCC040,2024-02-28,Trương Công Chiến,Di chuyển,346037,Khoản chi đột xuất,
B24DCCC040,2024-01-15,Trương Công Chiến,Mua sắm,141446,Khoản chi đột xuất,
B24DCCC040,2024-09-13,Trương Công Chiến,Học tập,386317,Phí dịch vụ hoặc tiện ích,
B24DCCC040,2024-08-06,Trương Công Chiến,Y tế,191381,Khoản chi đột xuất,
B24DCCC040,2024-09-08,Trương Công Chiến,Mua sắm,134302,Phí dịch vụ hoặc tiện ích,
B24DCCC040,2024-02-08,Trương Công Chiến,Di chuyển,235745,Thanh toán dịch vụ,
B24DCCC040,2024-05-31,Trương Công Chiến,Khác,401510,Chi phí cần thiết trong tháng,
B24DCCC040,2024-11-09,Trương Công Chiến,Mua sắm,306984,Khoản chi đột xuất,
B24DCCC040,2024-06-09,Trương Công Chiến,Ăn uống,410437,Chi phí cần thiết trong tháng,
B24DCCC040,2024-03-09,Trương Công Chiến,Y tế,96995,Chi phí cần thiết trong tháng,
B24DCCC040,2024-01-11,Trương Công Chiến,Y tế,57304,Phí dịch vụ hoặc tiện ích,
B24DCCC040,2024-07-21,Trương Công Chiến,Ăn uống,414387,Khoản chi đột xuất,
B24DCCC040,2024-05-18,Trương Công Chiến,Y tế,84111,Phí dịch vụ hoặc tiện ích,
B24DCCC040,2024-03-24,Trương Công Chiến,Di chuyển,371289,Khoản chi đột xuất,
B24DCCC040,2024-10-12,Trương Công Chiến,Mua sắm,79739,Khoản chi đột xuất,
B24DCCC040,2024-09-01,Trương Công Chiến,Ăn uống,231589,Thanh toán dịch vụ,
B24DCCC040,2024-08-26,Trương Công Chiến,Khác,283321,Phí dịch vụ hoặc tiện ích,
B24DCCC040,2024-09-01,Trương Công Chiến,Học tập,138998,Chi phí cần thiết trong tháng,
B24DCCC040,2024-07-18,Trương Công Chiến,Mua sắm,181066,Phí dịch vụ hoặc tiện ích,
B24DCCC040,2024-01-29,Trương Công Chiến,Ăn uống,25668,Phí dịch vụ hoặc tiện ích,
B24DCCC040,2024-04-03,Trương Công Chiến,Giải trí,496412,Thanh toán dịch vụ,
B24DCCC040,2024-11-24,Trương Công Chiến,Y tế,226244,Chi phí cần thiết trong tháng,
B24DCCC040,2024-05-30,Trương Công Chiến,Mua sắm,425242,Phí dịch vụ hoặc tiện ích,
B24DCCC040,2024-09-11,Trương Công Chiến,Học tập,54820,Thanh toán dịch vụ,
B24DCCC040,2024-06-29,Trương Công Chiến,Di chuyển,225649,Thanh toán dịch vụ,
B24DCCC040,2024-01-14,Trương Công Chiến,Giải trí,210405,Khoản chi đột xuất,
B24DCCC040,2024-04-02,Trương Công Chiến,Mua sắm,220986,Thanh toán dịch vụ,
B24DCCC040,2024-06-22,Trương Công Chiến,Mua sắm,115665,Khoản chi đột xuất,
B24DCCC040,2024-08-06,Trương Công Chiến,Y tế,299279,Phí dịch vụ hoặc tiện ích,
B24DCCC040,2024-02-26,Trương Công Chiến,Y tế,89940,Chi phí cần thiết trong tháng,
B24DCCC040,2024-04-20,Trương Công Chiến,Y tế,201182,Phí dịch vụ hoặc tiện ích,
B24DCCC040,2024-07-08,Trương Công Chiến,Mua sắm,307659,Khoản chi đột xuất,
B24DCCC040,2024-11-13,Trương Công Chiến,Ăn uống,356768,Chi phí cần thiết trong tháng,
B24DCCC040,2024-03-24,Trương Công Chiến,Mua sắm,354831,Thanh toán dịch vụ,
B24DCCC040,2024-11-02,Trương Công Chiến,Giải trí,335004,Chi phí cần thiết trong tháng,
B24DCCC040,2024-11-03,Trương Công Chiến,Khác,341647,Chi phí cần thiết trong tháng,
B24DCCC040,2024-01-06,Trương Công Chiến,Mua sắm,476224,Thanh toán dịch vụ,
B24DCCC040,2024-09-17,Trương Công Chiến,Ăn uống,122614,Phí dịch vụ hoặc tiện ích,
B24DCCC040,2024-09-13,Trương Công Chiến,Khác,75527,Chi phí cần thiết trong tháng,
B24DCCC040,2024-09-13,Trương Công Chiến,Ăn uống,323197,Khoản chi đột xuất,
B24DCCC040,2024-06-14,Trương Công Chiến,Di chuyển,114850,Phí dịch vụ hoặc tiện ích,
B24DCCC040,2024-02-02,Trương Công Chiến,Khác,156572,Phí dịch vụ hoặc tiện ích,
B24DCCC040,2024-10-02,Trương Công Chiến,Khác,95404,Thanh toán dịch vụ,
B24DCCC040,2024-04-10,Trương Công Chiến,Di chuyển,473840,Khoản chi đột xuất,
B24DCCC040,2024-05-23,Trương Công Chiến,Học tập,419620,Khoản chi đột xuất,
B24DCCC040,2024-03-15,Trương Công Chiến,Giải trí,461268,Thanh toán dịch vụ,
B24DCCC040,2024-08-07,Trương Công Chiến,Học tập,36046,Chi phí cần thiết trong tháng,
B24DCCC040,2024-03-20,Trương Công Chiến,Ăn uống,340003,Chi phí cần thiết trong tháng,
B24DCCC040,2024-07-04,Trương Công Chiến,Khác,427045,Chi phí cần thiết trong tháng,
B24DCCC040,2024-09-02,Trương Công Chiến,Ăn uống,379615,Khoản chi đột xuất,
B24DCCC040,2024-11-29,Trương Công Chiến,Mua sắm,308860,Chi phí cần thiết trong tháng,
B24DCCC040,2024-03-05,Trương Công Chiến,Học tập,190912,Chi phí cần thiết trong tháng,
B24DCCC040,2024-03-13,Trương Công Chiến,Giải trí,89525,Phí dịch vụ hoặc tiện ích,
B24DCCC040,2024-12-02,Trương Công Chiến,Y tế,47096,Thanh toán dịch vụ,
B24DCCC040,2024-02-16,Trương Công Chiến,Giải trí,254037,Thanh toán dịch vụ,
B24DCCC040,2024-01-01,Trương Công Chiến,Khác,45185,Khoản chi đột xuất,
B24DCCC040,2024-12-09,Trương Công Chiến,Di chuyển,468512,Chi phí cần thiết trong tháng,
B24DCCC040,2024-04-11,Trương Công Chiến,Di chuyển,268657,Chi phí cần thiết trong tháng,
B24DCCC040,2024-09-13,Trương Công Chiến,Học tập,175743,Thanh toán dịch vụ,
B24DCCC040,2024-01-15,Trương Công Chiến,Khác,347499,Chi phí cần thiết trong tháng,
B24DCCC040,2024-10-24,Trương Công Chiến,Di chuyển,228826,Phí dịch vụ hoặc tiện ích,
B24DCCC040,2024-04-12,Trương Công Chiến,Ăn uống,262607,Thanh toán dịch vụ,
B24DCCC040,2024-01-11,Trương Công Chiến,Ăn uống,233481,Khoản chi đột xuất,
B24DCCC040,2024-07-19,Trương Công Chiến,Mua sắm,236878,Thanh toán dịch vụ,
B24DCCC040,2024-07-29,Trương Công Chiến,Di chuyển,426431,Khoản chi đột xuất,
B24DCCC040,2024-12-04,Trương Công Chiến,Di chuyển,440141,Thanh toán dịch vụ,
B24DCCC040,2024-02-24,Trương Công Chiến,Khác,213642,Chi phí cần thiết trong tháng,
B24DCCC040,2024-03-24,Trương Công Chiến,Khác,376898,Khoản chi đột xuất,
B24DCCC040,2024-12-24,Trương Công Chiến,Giải trí,151239,Khoản chi đột xuất,
B24DCCC040,2024-11-25,Trương Công Chiến,Khác,437439,Khoản chi đột xuất,
B24DCCC040,2024-10-28,Trương Công Chiến,Giải trí,189810,Khoản chi đột xuất,
B24DCCC040,2024-06-18,Trương Công Chiến,Học tập,152914,Chi phí cần thiết trong tháng,
B24DCCC040,2024-04-13,Trương Công Chiến,Di chuyển,271611,Khoản chi đột xuất,
B24DCCC040,2024-06-28,Trương Công Chiến,Ăn uống,198891,Thanh toán dịch vụ,
B24DCCC040,2024-10-11,Trương Công Chiến,Y tế,470779,Chi phí cần thiết trong tháng,
B24DCCC040,2024-10-01,Trương Công Chiến,Y tế,409852,Phí dịch vụ hoặc tiện ích,
B24DCCC040,2024-10-16,Trương Công Chiến,Giải trí,211576,Khoản chi đột xuất,
B24DCCC040,2024-03-16,Trương Công Chiến,Y tế,379410,Khoản chi đột xuất,
B24DCCC040,2024-10-27,Trương Công Chiến,Di chuyển,180651,Khoản chi đột xuất,
B24DCCC040,2024-01-16,Trương Công Chiến,Di chuyển,54887,Phí dịch vụ hoặc tiện ích,
B24DCCC040,2024-10-10,Trương Công Chiến,Mua sắm,204293,Thanh toán dịch vụ,
B24DCCC040,2024-05-22,Trương Công Chiến,Giải trí,279629,Khoản chi đột xuất,
B24DCCC040,2024-03-11,Trương Công Chiến,Y tế,368755,Phí dịch vụ hoặc tiện ích,
B24DCCC040,2024-06-30,Trương Công Chiến,Giải trí,206805,Khoản chi đột xuất,
B24DCCC040,2024-10-30,Trương Công Chiến,Khác,97580,Phí dịch vụ hoặc tiện ích,
B24DCCC040,2024-05-29,Trương Công Chiến,Ăn uống,403312,Thanh toán dịch vụ,
B24DCCC040,2024-02-18,Trương Công Chiến,Mua sắm,260838,Chi phí cần thiết trong tháng,
B24DCCC040,2024-03-24,Trương Công Chiến,Giải trí,389528,Phí dịch vụ hoặc tiện ích,
B24DCCC040,2024-04-24,Trương Công Chiến,Giải trí,435373,Chi phí cần thiết trong tháng,
B24DCCC040,2024-05-09,Trương Công Chiến,Di chuyển,23403,Khoản chi đột xuất,
B24DCCC040,2024-12-04,Trương Công Chiến,Y tế,146973,Thanh toán dịch vụ,
B24DCCC040,2024-06-01,Trương Công Chiến,Di chuyển,343811,Thanh toán dịch vụ,
B24DCCC040,2024-07-07,Trương Công Chiến,Di chuyển,413694,Thanh toán dịch vụ,
B24DCCC040,2024-09-05,Trương Công Chiến,Khác,298133,Khoản chi đột xuất,
B24DCCC040,2024-06-29,Trương Công Chiến,Giải trí,423780,Chi phí cần thiết trong tháng,
B24DCCC040,2024-01-24,Trương Công Chiến,Di chuyển,466540,Phí dịch vụ hoặc tiện ích,
B24DCCC040,2024-04-09,Trương Công Chiến,Mua sắm,202076,Khoản chi đột xuất,
B24DCCC040,2024-04-01,Trương Công Chiến,Di chuyển,113265,Phí dịch vụ hoặc tiện ích,
B24DCCC040,2024-04-08,Trương Công Chiến,Y tế,158985,Chi phí cần thiết trong tháng,
B24DCCC040,2024-02-11,Trương Công Chiến,Y tế,170237,Khoản chi đột xuất,
B24DCCC040,2024-11-12,Trương Công Chiến,Di chuyển,163658,Thanh toán dịch vụ,
B24DCCC040,2024-10-07,Trương Công Chiến,Học tập,200138,Thanh toán dịch vụ,
B24DCCC040,2024-12-13,Trương Công Chiến,Y tế,387599,Thanh toán dịch vụ,
B24DCCC040,2024-04-09,Trương Công Chiến,Khác,270750,Phí dịch vụ hoặc tiện ích,
B24DCCC040,2024-07-10,Trương Công Chiến,Mua sắm,309994,Khoản chi đột xuất,
B24DCCC040,2024-09-22,Trương Công Chiến,Di chuyển,363751,Thanh toán dịch vụ,
B24DCCC040,2024-04-25,Trương Công Chiến,Mua sắm,496912,Khoản chi đột xuất,
B24DCCC040,2024-12-13,Trương Công Chiến,Giải trí,190137,Thanh toán dịch vụ,
B24DCCC040,2024-03-06,Trương Công Chiến,Giải trí,188573,Chi phí cần thiết trong tháng,
B24DCCC040,2024-09-24,Trương Công Chiến,Giải trí,128225,Thanh toán dịch vụ,
B24DCCC040,2024-04-29,Trương Công Chiến,Giải trí,383288,Thanh toán dịch vụ,
B24DCCC040,2024-07-24,Trương Công Chiến,Học tập,283254,Thanh toán dịch vụ,
B24DCCC040,2024-04-22,Trương Công Chiến,Ăn uống,103433,Chi phí cần thiết trong tháng,
B24DCCC040,2024-06-24,Trương Công Chiến,Ăn uống,275870,Khoản chi đột xuất,
B24DCCC040,2024-09-30,Trương Công Chiến,Khác,283142,Khoản chi đột xuất,
B24DCCC040,2024-06-13,Trương Công Chiến,Khác,172772,Chi phí cần thiết trong tháng,
B24DCCC040,2024-11-19,Trương Công Chiến,Mua sắm,378668,Khoản chi đột xuất,
B24DCCC040,2024-08-27,Trương Công Chiến,Mua sắm,192743,Khoản chi đột xuất,
B24DCCC040,2024-09-25,Trương Công Chiến,Y tế,215770,Thanh toán dịch vụ,
B24DCCC040,2024-03-29,Trương Công Chiến,Giải trí,145964,Chi phí cần thiết trong tháng,
B24DCCC040,2024-01-16,Trương Công Chiến,Di chuyển,393722,Phí dịch vụ hoặc tiện ích,
B24DCCC040,2024-06-09,Trương Công Chiến,Di chuyển,241412,Khoản chi đột xuất,
B24DCCC040,2024-11-27,Trương Công Chiến,Khác,361801,Thanh toán dịch vụ,
B24DCCC040,2024-01-27,Trương Công Chiến,Khác,312340,Khoản chi đột xuất,
B24DCCC040,2024-03-13,Trương Công Chiến,Ăn uống,81429,Chi phí cần thiết trong tháng,
B24DCCC040,2024-12-02,Trương Công Chiến,Học tập,258094,Thanh toán dịch vụ,
B24DCCC040,2024-12-02,Trương Công Chiến,Di chuyển,207061,Phí dịch vụ hoặc tiện ích,
B24DCCC040,2024-12-16,Trương Công Chiến,Ăn uống,319805,Thanh toán dịch vụ,
B24DCCC040,2024-07-12,Trương Công Chiến,Di chuyển,24408,Khoản chi đột xuất,
B24DCCC040,2024-10-28,Trương Công Chiến,Học tập,290679,Khoản chi đột xuất,
B24DCCC040,2024-04-08,Trương Công Chiến,Ăn uống,69683,Phí dịch vụ hoặc tiện ích,
B24DCCC040,2024-03-26,Trương Công Chiến,Di chuyển,201503,Thanh toán dịch vụ,
B24DCCC040,2024-08-13,Trương Công Chiến,Mua sắm,23292,Thanh toán dịch vụ,
B24DCCC040,2024-11-24,Trương Công Chiến,Giải trí,125834,Phí dịch vụ hoặc tiện ích,
B24DCCC040,2024-07-26,Trương Công Chiến,Di chuyển,240655,Khoản chi đột xuất,
B24DCCC040,2024-07-06,Trương Công Chiến,Y tế,486044,Chi phí cần thiết trong tháng,
B24DCCC040,2024-05-04,Trương Công Chiến,Khác,67605,Thanh toán dịch vụ,
B24DCCC040,2024-09-05,Trương Công Chiến,Y tế,41745,Thanh toán dịch vụ,
B24DCCC040,2024-05-18,Trương Công Chiến,Học tập,159234,Khoản chi đột xuất,
B24DCCC040,2024-06-16,Trương Công Chiến,Giải trí,274810,Chi phí cần thiết trong tháng,
B24DCCC040,2024-06-10,Trương Công Chiến,Y tế,102825,Chi phí cần thiết trong tháng,
B24DCCC040,2024-06-20,Trương Công Chiến,Di chuyển,113235,Thanh toán dịch vụ,
B24DCCC040,2024-01-04,Trương Công Chiến,Y tế,65773,Thanh toán dịch vụ,
B24DCCC040,2024-01-23,Trương Công Chiến,Khác,132602,Phí dịch vụ hoặc tiện ích,
B24DCCC040,2024-09-27,Trương Công Chiến,Mua sắm,21968,Chi phí cần thiết trong tháng,
B24DCCC040,2024-06-03,Trương Công Chiến,Học tập,65580,Thanh toán dịch vụ,
B24DCCC040,2024-01-17,Trương Công Chiến,Mua sắm,80662,Chi phí cần thiết trong tháng,
B24DCCC040,2024-08-23,Trương Công Chiến,Khác,159547,Khoản chi đột xuất,
B24DCCC040,2024-12-16,Trương Công Chiến,Di chuyển,228623,Thanh toán dịch vụ,
B24DCCC040,2024-02-22,Trương Công Chiến,Giải trí,75184,Thanh toán dịch vụ,
B24DCCC040,2024-01-23,Trương Công Chiến,Di chuyển,484255,Khoản chi đột xuất,
B24DCCC040,2024-12-22,Trương Công Chiến,Giải trí,226704,Thanh toán dịch vụ,
B24DCCC040,2024-01-13,Trương Công Chiến,Ăn uống,415132,Chi phí cần thiết trong tháng,
B24DCCC040,2024-11-19,Trương Công Chiến,Y tế,114490,Khoản chi đột xuất,
B24DCCC040,2024-05-10,Trương Công Chiến,Khác,181984,Thanh toán dịch vụ,
B24DCCC040,2024-04-19,Trương Công Chiến,Y tế,239074,Phí dịch vụ hoặc tiện ích,
B24DCCC040,2024-10-29,Trương Công Chiến,Khác,283050,Thanh toán dịch vụ,
B24DCCC040,2024-10-13,Trương Công Chiến,Di chuyển,46014,Chi phí cần thiết trong tháng,
B24DCCC040,2024-05-31,Trương Công Chiến,Ăn uống,246497,Thanh toán dịch vụ,
B24DCCC040,2024-12-16,Trương Công Chiến,Mua sắm,268312,Khoản chi đột xuất,
B24DCCC040,2024-03-02,Trương Công Chiến,Học tập,182984,Thanh toán dịch vụ,
B24DCCC040,2024-08-19,Trương Công Chiến,Học tập,40649,Phí dịch vụ hoặc tiện ích,
B24DCCC040,2024-05-08,Trương Công Chiến,Ăn uống,225243,Chi phí cần thiết trong tháng,
B24DCCC040,2024-12-24,Trương Công Chiến,Giải trí,143315,Thanh toán dịch vụ,
B24DCCC040,2024-05-31,Trương Công Chiến,Giải trí,337209,Thanh toán dịch vụ,
B24DCCC040,2024-10-30,Trương Công Chiến,Y tế,300138,Chi phí cần thiết trong tháng,
B24DCCC040,2024-12-07,Trương Công Chiến,Khác,174334,Chi phí cần thiết trong tháng,
B24DCCC040,2024-04-18,Trương Công Chiến,Giải trí,415076,Khoản chi đột xuất,
B24DCCC040,2024-07-30,Trương Công Chiến,Di chuyển,122609,Khoản chi đột xuất,
B24DCCC040,2024-12-14,Trương Công Chiến,Di chuyển,384974,Thanh toán dịch vụ,
B24DCCC040,2024-07-23,Trương Công Chiến,Di chuyển,87224,Khoản chi đột xuất,
B24DCCC040,2024-05-05,Trương Công Chiến,Di chuyển,159961,Thanh toán dịch vụ,
B24DCCC040,2024-03-13,Trương Công Chiến,Y tế,486182,Phí dịch vụ hoặc tiện ích,
B24DCCC040,2024-04-14,Trương Công Chiến,Học tập,223177,Phí dịch vụ hoặc tiện ích,
B24DCCC040,2024-04-21,Trương Công Chiến,Học tập,245805,Phí dịch vụ hoặc tiện ích,
B24DCCC040,2024-09-09,Trương Công Chiến,Học tập,305748,Khoản chi đột xuất,
B24DCCC040,2024-03-21,Trương Công Chiến,Y tế,291038,Thanh toán dịch vụ,
B24DCCC040,2024-03-19,Trương Công Chiến,Ăn uống,376207,Thanh toán dịch vụ,
B24DCCC040,2024-04-24,Trương Công Chiến,Học tập,103634,Chi phí cần thiết trong tháng,
B24DCCC040,2024-03-22,Trương Công Chiến,Giải trí,368091,Thanh toán dịch vụ,
B24DCCC040,2024-11-12,Trương Công Chiến,Y tế,299353,Thanh toán dịch vụ,
B24DCCC040,2024-05-02,Trương Công Chiến,Học tập,147129,Chi phí cần thiết trong tháng,
B24DCCC040,2024-04-11,Trương Công Chiến,Mua sắm,471492,Chi phí cần thiết trong tháng,
B24DCCC040,2024-01-31,Trương Công Chiến,Mua sắm,129579,Phí dịch vụ hoặc tiện ích,
B24DCCC040,2024-08-15,Trương Công Chiến,Di chuyển,110847,Phí dịch vụ hoặc tiện ích,
B24DCCC040,2024-02-10,Trương Công Chiến,Di chuyển,433821,Chi phí cần thiết trong tháng,
B24DCCC040,2024-04-25,Trương Công Chiến,Khác,381148,Thanh toán dịch vụ,
B24DCCC040,2024-06-29,Trương Công Chiến,Y tế,204642,Chi phí cần thiết trong tháng,
B24DCCC040,2024-04-30,Trương Công Chiến,Học tập,232566,Thanh toán dịch vụ,
B24DCCC040,2024-08-06,Trương Công Chiến,Giải trí,126232,Chi phí cần thiết trong tháng,
B24DCCC040,2024-04-01,Trương Công Chiến,Giải trí,43531,Chi phí cần thiết trong tháng,
B24DCCC040,2024-11-11,Trương Công Chiến,Mua sắm,472687,Phí dịch vụ hoặc tiện ích,
B24DCCC040,2024-06-27,Trương Công Chiến,Học tập,155576,Chi phí cần thiết trong tháng,
B24DCCC040,2024-05-13,Trương Công Chiến,Ăn uống,233931,Khoản chi đột xuất,
B24DCCC040,2024-10-25,Trương Công Chiến,Học tập,228397,Thanh toán dịch vụ,
B24DCCC040,2024-07-22,Trương Công Chiến,Học tập,475894,Chi phí cần thiết trong tháng,
B24DCCC040,2024-09-17,Trương Công Chiến,Khác,450867,Chi phí cần thiết trong tháng,
B24DCCC040,2024-02-13,Trương Công Chiến,Ăn uống,57787,Phí dịch vụ hoặc tiện ích,
B24DCCC040,2024-05-02,Trương Công Chiến,Giải trí,159936,Chi phí cần thiết trong tháng,
B24DCCC040,2024-10-11,Trương Công Chiến,Học tập,170217,Khoản chi đột xuất,
B24DCCC040,2024-04-07,Trương Công Chiến,Mua sắm,348137,Chi phí cần thiết trong tháng,
B24DCCC040,2024-06-28,Trương Công Chiến,Học tập,214333,Phí dịch vụ hoặc tiện ích,
B24DCCC040,2024-09-27,Trương Công Chiến,Khác,452931,Phí dịch vụ hoặc tiện ích,
B24DCCC040,2024-12-07,Trương Công Chiến,Mua sắm,458453,Chi phí cần thiết trong tháng,
B24DCCC040,2024-06-12,Trương Công Chiến,Học tập,487140,Khoản chi đột xuất,
B24DCCC040,2024-04-23,Trương Công Chiến,Khác,292195,Khoản chi đột xuất,
B24DCCC040,2024-02-16,Trương Công Chiến,Khác,350356,Chi phí cần thiết trong tháng,
B24DCCC040,2024-08-11,Trương Công Chiến,Giải trí,161260,Khoản chi đột xuất,
B24DCCC040,2024-01-27,Trương Công Chiến,Khác,367710,Khoản chi đột xuất,
B24DCCC040,2024-10-18,Trương Công Chiến,Di chuyển,362596,Chi phí cần thiết trong tháng,
B24DCCC040,2024-09-13,Trương Công Chiến,Khác,135544,Thanh toán dịch vụ,
B24DCCC040,2024-02-22,Trương Công Chiến,Di chuyển,31654,Chi phí cần thiết trong tháng,
B24DCCC040,2024-07-08,Trương Công Chiến,Di chuyển,75948,Thanh toán dịch vụ,
B24DCCC040,2024-06-11,Trương Công Chiến,Khác,461763,Thanh toán dịch vụ,
B24DCCC040,2024-12-15,Trương Công Chiến,Di chuyển,136368,Phí dịch vụ hoặc tiện ích,
B24DCCC040,2024-07-03,Trương Công Chiến,Học tập,151241,Chi phí cần thiết trong tháng,
B24DCCC040,2024-10-14,Trương Công Chiến,Di chuyển,234567,Chi phí cần thiết trong tháng,
B24DCCC040,2024-04-07,Trương Công Chiến,Học tập,394627,Thanh toán dịch vụ,
B24DCCC040,2024-05-02,Trương Công Chiến,Học tập,396305,Chi phí cần thiết trong tháng,
B24DCCC040,2024-03-01,Trương Công Chiến,Giải trí,409770,Chi phí cần thiết trong tháng,
B24DCCC040,2024-01-31,Trương Công Chiến,Học tập,72123,Thanh toán dịch vụ,
B24DCCC040,2024-03-08,Trương Công Chiến,Học tập,215563,Chi phí cần thiết trong tháng,
B24DCCC040,2024-12-15,Trương Công Chiến,Mua sắm,61987,Phí dịch vụ hoặc tiện ích,
B24DCCC040,2024-08-27,Trương Công Chiến,Ăn uống,160647,Khoản chi đột xuất,
B24DCCC040,2024-09-10,Trương Công Chiến,Ăn uống,386720,Chi phí cần thiết trong tháng,
B24DCCC040,2024-05-02,Trương Công Chiến,Khác,254888,Chi phí cần thiết trong tháng,
B24DCCC040,2024-04-02,Trương Công Chiến,Khác,46608,Thanh toán dịch vụ,
B24DCCC040,2024-05-19,Trương Công Chiến,Ăn uống,496076,Khoản chi đột xuất,
B24DCCC040,2024-06-28,Trương Công Chiến,Di chuyển,106327,Chi phí cần thiết trong tháng,
B24DCCC040,2024-01-01,Trương Công Chiến,Học tập,224734,Phí dịch vụ hoặc tiện ích,
B24DCCC040,2024-04-11,Trương Công Chiến,Học tập,145876,Chi phí cần thiết trong tháng,
B24DCCC040,2024-07-19,Trương Công Chiến,Giải trí,87003,Chi phí cần thiết trong tháng,
B24DCCC040,2024-09-02,Trương Công Chiến,Học tập,465091,Chi phí cần thiết trong tháng,
B24DCCC040,2024-03-24,Trương Công Chiến,Ăn uống,319558,Chi phí cần thiết trong tháng,
B24DCCC040,2024-07-11,Trương Công Chiến,Học tập,336310,Thanh toán dịch vụ,
B24DCCC040,2024-08-23,Trương Công Chiến,Y tế,233117,Khoản chi đột xuất,
B24DCCC040,2024-08-17,Trương Công Chiến,Mua sắm,218317,Khoản chi đột xuất,
B24DCCC040,2024-11-14,Trương Công Chiến,Di chuyển,154926,Khoản chi đột xuất,
B24DCCC040,2024-08-21,Trương Công Chiến,Ăn uống,395057,Phí dịch vụ hoặc tiện ích,
B24DCCC040,2024-06-02,Trương Công Chiến,Y tế,323467,Thanh toán dịch vụ,
B24DCCC040,2024-01-15,Trương Công Chiến,Học tập,312040,Chi phí cần thiết trong tháng,
B24DCCC040,2024-07-24,Trương Công Chiến,Ăn uống,45076,Chi phí cần thiết trong tháng,
B24DCCC040,2024-11-25,Trương Công Chiến,Y tế,487002,Khoản chi đột xuất,
B24DCCC040,2024-12-04,Trương Công Chiến,Mua sắm,69440,Thanh toán dịch vụ,
B24DCCC040,2024-08-23,Trương Công Chiến,Ăn uống,69080,Khoản chi đột xuất,
B24DCCC040,2024-06-22,Trương Công Chiến,Giải trí,392914,Thanh toán dịch vụ,
B24DCCC040,2024-12-19,Trương Công Chiến,Di chuyển,294840,Phí dịch vụ hoặc tiện ích,
B24DCCC040,2024-12-20,Trương Công Chiến,Khác,66554,Phí dịch vụ hoặc tiện ích,
B24DCCC040,2024-12-09,Trương Công Chiến,Khác,61099,Phí dịch vụ hoặc tiện ích,
B24DCCC040,2024-05-16,Trương Công Chiến,Mua sắm,56247,Phí dịch vụ hoặc tiện ích,
B24DCCC040,2024-03-28,Trương Công Chiến,Khác,115869,Phí dịch vụ hoặc tiện ích,
B24DCCC040,2024-07-03,Trương Công Chiến,Ăn uống,301560,Chi phí cần thiết trong tháng,
B24DCCC040,2024-11-15,Trương Công Chiến,Ăn uống,395116,Chi phí cần thiết trong tháng,
B24DCCC040,2024-03-11,Trương Công Chiến,Ăn uống,466623,Chi phí cần thiết trong tháng,
B24DCCC040,2024-06-22,Trương Công Chiến,Mua sắm,225537,Thanh toán dịch vụ,
B24DCCC040,2024-06-27,Trương Công Chiến,Y tế,338426,Khoản chi đột xuất,
B24DCCC040,2024-04-27,Trương Công Chiến,Mua sắm,353537,Thanh toán dịch vụ,
B24DCCC040,2024-08-30,Trương Công Chiến,Mua sắm,40363,Chi phí cần thiết trong tháng,
B24DCCC040,2024-01-29,Trương Công Chiến,Khác,495875,Chi phí cần thiết trong tháng,
B24DCCC040,2024-05-16,Trương Công Chiến,Khác,190306,Phí dịch vụ hoặc tiện ích,
B24DCCC040,2024-07-10,Trương Công Chiến,Mua sắm,216905,Phí dịch vụ hoặc tiện ích,
B24DCCC040,2024-12-28,Trương Công Chiến,Mua sắm,247647,Thanh toán dịch vụ,
B24DCCC040,2024-08-03,Trương Công Chiến,Học tập,84399,Khoản chi đột xuất,
B24DCCC040,2024-12-26,Trương Công Chiến,Khác,176461,Phí dịch vụ hoặc tiện ích,
B24DCCC040,2024-07-10,Trương Công Chiến,Giải trí,452093,Khoản chi đột xuất,
B24DCCC040,2024-06-03,Trương Công Chiến,Khác,96200,Khoản chi đột xuất,
B24DCCC040,2024-08-16,Trương Công Chiến,Y tế,452895,Chi phí cần thiết trong tháng,
B24DCCC040,2024-03-27,Trương Công Chiến,Mua sắm,248327,Phí dịch vụ hoặc tiện ích,
B24DCCC040,2024-05-05,Trương Công Chiến,Mua sắm,205230,Thanh toán dịch vụ,
B24DCCC040,2024-12-06,Trương Công Chiến,Khác,57457,Phí dịch vụ hoặc tiện ích,
B24DCCC040,2024-02-28,Trương Công Chiến,Y tế,419956,Phí dịch vụ hoặc tiện ích,
B24DCCC040,2024-05-05,Trương Công Chiến,Mua sắm,232840,Khoản chi đột xuất,
B24DCCC040,2024-03-18,Trương Công Chiến,Y tế,452841,Khoản chi đột xuất,
B24DCCC040,2024-09-03,Trương Công Chiến,Học tập,243398,Khoản chi đột xuất,
B24DCCC040,2024-01-15,Trương Công Chiến,Y tế,22415,Thanh toán dịch vụ,
B24DCCC040,2024-04-01,Trương Công Chiến,Khác,139260,Thanh toán dịch vụ,
B24DCCC040,2024-02-25,Trương Công Chiến,Giải trí,182881,Phí dịch vụ hoặc tiện ích,
B24DCCC040,2024-12-02,Trương Công Chiến,Di chuyển,72638,Phí dịch vụ hoặc tiện ích,
B24DCCC040,2024-12-09,Trương Công Chiến,Di chuyển,422508,Chi phí cần thiết trong tháng,
B24DCCC040,2024-09-22,Trương Công Chiến,Khác,139997,Chi phí cần thiết trong tháng,
B24DCCC040,2024-09-18,Trương Công Chiến,Học tập,172585,Khoản chi đột xuất,
B24DCCC040,2024-08-23,Trương Công Chiến,Mua sắm,473901,Thanh toán dịch vụ,
B24DCCC040,2024-07-14,Trương Công Chiến,Học tập,457787,Phí dịch vụ hoặc tiện ích,
B24DCCC040,2024-11-24,Trương Công Chiến,Di chuyển,127484,Khoản chi đột xuất,
B24DCCC040,2024-01-18,Trương Công Chiến,Học tập,252719,Thanh toán dịch vụ,
B24DCCC040,2024-04-08,Trương Công Chiến,Giải trí,328386,Phí dịch vụ hoặc tiện ích,
B24DCCC040,2024-06-19,Trương Công Chiến,Giải trí,132391,Thanh toán dịch vụ,
B24DCCC040,2024-09-05,Trương Công Chiến,Khác,331261,Phí dịch vụ hoặc tiện ích,
B24DCCC040,2024-05-25,Trương Công Chiến,Giải trí,411282,Thanh toán dịch vụ,
B24DCCC040,2024-11-07,Trương Công Chiến,Y tế,230220,Thanh toán dịch vụ,
B24DCCC040,2024-02-01,Trương Công Chiến,Học tập,151899,Thanh toán dịch vụ,
B24DCCC040,2024-01-08,Trương Công Chiến,Giải trí,493680,Khoản chi đột xuất,
B24DCCC040,2024-07-10,Trương Công Chiến,Y tế,140424,Chi phí cần thiết trong tháng,
B24DCCC040,2024-08-04,Trương Công Chiến,Khác,294101,Chi phí cần thiết trong tháng,
B24DCCC040,2024-10-22,Trương Công Chiến,Ăn uống,203943,Phí dịch vụ hoặc tiện ích,
B24DCCC040,2024-03-16,Trương Công Chiến,Y tế,204064,Khoản chi đột xuất,
B24DCCC040,2024-03-26,Trương Công Chiến,Khác,240688,Phí dịch vụ hoặc tiện ích,
B24DCCC040,2024-01-20,Trương Công Chiến,Mua sắm,304510,Thanh toán dịch vụ,
B24DCCC040,2024-03-19,Trương Công Chiến,Di chuyển,42336,Chi phí cần thiết trong tháng,
B24DCCC040,2024-07-30,Trương Công Chiến,Y tế,473855,Chi phí cần thiết trong tháng,
B24DCCC040,2024-02-26,Trương Công Chiến,Học tập,64288,Chi phí cần thiết trong tháng,
B24DCCC040,2024-04-30,Trương Công Chiến,Y tế,331598,Thanh toán dịch vụ,
B24DCCC040,2024-08-14,Trương Công Chiến,Ăn uống,72383,Khoản chi đột xuất,
B24DCCC040,2024-06-14,Trương Công Chiến,Khác,148804,Chi phí cần thiết trong tháng,
B24DCCC040,2024-10-28,Trương Công Chiến,Khác,127358,Chi phí cần thiết trong tháng,
B24DCCC040,2024-06-12,Trương Công Chiến,Giải trí,391064,Khoản chi đột xuất,
B24DCCC040,2024-10-31,Trương Công Chiến,Học tập,414137,Khoản chi đột xuất,
B24DCCC040,2024-08-09,Trương Công Chiến,Di chuyển,152104,Khoản chi đột xuất,
B24DCCC040,2024-08-08,Trương Công Chiến,Y tế,73091,Khoản chi đột xuất,
B24DCCC040,2024-06-02,Trương Công Chiến,Mua sắm,271439,Phí dịch vụ hoặc tiện ích,
B24DCCC040,2024-01-17,Trương Công Chiến,Giải trí,49673,Khoản chi đột xuất,
B24DCCC040,2024-10-26,Trương Công Chiến,Giải trí,102895,Thanh toán dịch vụ,
B24DCCC040,2024-12-19,Trương Công Chiến,Giải trí,337964,Chi phí cần thiết trong tháng,
B24DCCC040,2024-05-16,Trương Công Chiến,Ăn uống,141708,Thanh toán dịch vụ,
B24DCCC040,2024-10-22,Trương Công Chiến,Mua sắm,101296,Khoản chi đột xuất,
B24DCCC040,2024-11-11,Trương Công Chiến,Ăn uống,439641,Phí dịch vụ hoặc tiện ích,
B24DCCC040,2024-07-16,Trương Công Chiến,Khác,147332,Phí dịch vụ hoặc tiện ích,
B24DCCC040,2024-09-26,Trương Công Chiến,Khác,275813,Thanh toán dịch vụ,
B24DCCC040,2024-04-10,Trương Công Chiến,Di chuyển,162011,Thanh toán dịch vụ,
B24DCCC040,2024-07-24,Trương Công Chiến,Giải trí,133721,Khoản chi đột xuất,
B24DCCC040,2024-02-26,Trương Công Chiến,Ăn uống,217877,Thanh toán dịch vụ,
B24DCCC040,2024-07-19,Trương Công Chiến,Mua sắm,89546,Chi phí cần thiết trong tháng,
B24DCCC040,2024-12-03,Trương Công Chiến,Di chuyển,441245,Phí dịch vụ hoặc tiện ích,
B24DCCC040,2024-06-29,Trương Công Chiến,Y tế,187014,Thanh toán dịch vụ,
B24DCCC040,2024-07-31,Trương Công Chiến,Di chuyển,52549,Khoản chi đột xuất,
B24DCCC040,2024-03-14,Trương Công Chiến,Y tế,455190,Khoản chi đột xuất,
B24DCCC040,2024-12-06,Trương Công Chiến,Học tập,340090,Thanh toán dịch vụ,
B24DCCC040,2024-11-30,Trương Công Chiến,Khác,395423,Chi phí cần thiết trong tháng,
B24DCCC040,2024-12-09,Trương Công Chiến,Giải trí,94373,Thanh toán dịch vụ,
B24DCCC040,2024-07-03,Trương Công Chiến,Khác,197085,Khoản chi đột xuất,
B24DCCC040,2024-09-20,Trương Công Chiến,Y tế,127926,Khoản chi đột xuất,
B24DCCC040,2024-02-27,Trương Công Chiến,Khác,235015,Chi phí cần thiết trong tháng,
B24DCCC040,2024-01-05,Trương Công Chiến,Giải trí,234286,Chi phí cần thiết trong tháng,
B24DCCC040,2024-11-14,Trương Công Chiến,Y tế,455487,Khoản chi đột xuất,
B24DCCC040,2024-04-17,Trương Công Chiến,Khác,366062,Thanh toán dịch vụ,
B24DCCC040,2024-07-31,Trương Công Chiến,Ăn uống,235845,Phí dịch vụ hoặc tiện ích,
B24DCCC040,2024-05-30,Trương Công Chiến,Khác,264886,Khoản chi đột xuất,
B24DCCC040,2024-09-21,Trương Công Chiến,Di chuyển,451757,Chi phí cần thiết trong tháng,
B24DCCC040,2024-11-28,Trương Công Chiến,Di chuyển,298331,Chi phí cần thiết trong tháng,
B24DCCC040,2024-05-20,Trương Công Chiến,Di chuyển,421556,Phí dịch vụ hoặc tiện ích,
B24DCCC040,2024-02-09,Trương Công Chiến,Di chuyển,143172,Thanh toán dịch vụ,
B24DCCC040,2024-11-14,Trương Công Chiến,Ăn uống,361142,Khoản chi đột xuất,
B24DCCC040,2024-08-26,Trương Công Chiến,Khác,114536,Chi phí cần thiết trong tháng,
B24DCCC040,2024-11-07,Trương Công Chiến,Ăn uống,310083,Phí dịch vụ hoặc tiện ích,
B24DCCC040,2024-08-19,Trương Công Chiến,Khác,36983,Khoản chi đột xuất,
B24DCCC040,2024-11-02,Trương Công Chiến,Học tập,288793,Phí dịch vụ hoặc tiện ích,
B24DCCC040,2024-01-13,Trương Công Chiến,Giải trí,452755,Khoản chi đột xuất,
B24DCCC040,2024-04-07,Trương Công Chiến,Giải trí,74375,Chi phí cần thiết trong tháng,
B24DCCC040,2024-08-28,Trương Công Chiến,Di chuyển,421381,Khoản chi đột xuất,
B24DCCC040,2024-09-26,Trương Công Chiến,Ăn uống,203228,Khoản chi đột xuất,
B24DCCC040,2024-03-11,Trương Công Chiến,Y tế,112339,Khoản chi đột xuất,
B24DCCC040,2024-05-30,Trương Công Chiến,Y tế,286275,Thanh toán dịch vụ,
B24DCCC040,2024-01-17,Trương Công Chiến,Khác,297930,Chi phí cần thiết trong tháng,
B24DCCC040,2024-04-20,Trương Công Chiến,Mua sắm,452979,Thanh toán dịch vụ,
B24DCCC040,2024-06-24,Trương Công Chiến,Học tập,99210,Chi phí cần thiết trong tháng,
B24DCCC040,2024-10-22,Trương Công Chiến,Mua sắm,442807,Thanh toán dịch vụ,
B24DCCC040,2024-12-26,Trương Công Chiến,Khác,96491,Thanh toán dịch vụ,
B24DCCC040,2024-04-15,Trương Công Chiến,Mua sắm,473848,Thanh toán dịch vụ,
B24DCCC040,2024-05-08,Trương Công Chiến,Mua sắm,220006,Phí dịch vụ hoặc tiện ích,
B24DCCC040,2024-07-07,Trương Công Chiến,Y tế,106685,Phí dịch vụ hoặc tiện ích,
B24DCCC040,2024-04-28,Trương Công Chiến,Y tế,80818,Chi phí cần thiết trong tháng,
B24DCCC040,2024-07-31,Trương Công Chiến,Ăn uống,193151,Phí dịch vụ hoặc tiện ích,
B24DCCC040,2024-02-16,Trương Công Chiến,Khác,237419,Thanh toán dịch vụ,
B24DCCC040,2024-06-07,Trương Công Chiến,Di chuyển,288200,Thanh toán dịch vụ,
B24DCCC040,2024-12-23,Trương Công Chiến,Giải trí,42548,Chi phí cần thiết trong tháng,
B24DCCC040,2024-04-22,Trương Công Chiến,Ăn uống,182418,Khoản chi đột xuất,
B24DCCC040,2024-06-03,Trương Công Chiến,Mua sắm,279600,Thanh toán dịch vụ,
B24DCCC040,2024-04-05,Trương Công Chiến,Giải trí,244094,Chi phí cần thiết trong tháng,
B24DCCC040,2024-12-23,Trương Công Chiến,Giải trí,210309,Chi phí cần thiết trong tháng,
B24DCCC040,2024-06-19,Trương Công Chiến,Học tập,456607,Chi phí cần thiết trong tháng,
B24DCCC040,2024-09-30,Trương Công Chiến,Ăn uống,421174,Phí dịch vụ hoặc tiện ích,
B24DCCC040,2024-05-24,Trương Công Chiến,Giải trí,326887,Chi phí cần thiết trong tháng,
B24DCCC040,2024-10-14,Trương Công Chiến,Giải trí,153776,Thanh toán dịch vụ,
B24DCCC040,2024-12-21,Trương Công Chiến,Y tế,208166,Thanh toán dịch vụ,
B24DCCC040,2024-10-14,Trương Công Chiến,Học tập,173565,Chi phí cần thiết trong tháng,
B24DCCC040,2024-12-22,Trương Công Chiến,Ăn uống,47833,Thanh toán dịch vụ,
B24DCCC040,2024-12-21,Trương Công Chiến,Học tập,397006,Khoản chi đột xuất,
B24DCCC040,2024-09-05,Trương Công Chiến,Y tế,234091,Phí dịch vụ hoặc tiện ích,
B24DCCC040,2024-04-18,Trương Công Chiến,Giải trí,115486,Khoản chi đột xuất,
B24DCCC040,2024-01-26,Trương Công Chiến,Y tế,74118,Chi phí cần thiết trong tháng,
B24DCCC040,2024-08-13,Trương Công Chiến,Học tập,356309,Thanh toán dịch vụ,
B24DCCC040,2024-11-06,Trương Công Chiến,Y tế,48996,Thanh toán dịch vụ,
B24DCCC040,2024-08-22,Trương Công Chiến,Mua sắm,443020,Khoản chi đột xuất,
B24DCCC040,2024-12-18,Trương Công Chiến,Mua sắm,29665,Thanh toán dịch vụ,
B24DCCC040,2024-07-06,Trương Công Chiến,Học tập,246239,Phí dịch vụ hoặc tiện ích,
B24DCCC040,2024-06-05,Trương Công Chiến,Di chuyển,498999,Thanh toán dịch vụ,
B24DCCC040,2024-08-04,Trương Công Chiến,Y tế,128095,Khoản chi đột xuất,
B24DCCC040,2024-09-04,Trương Công Chiến,Di chuyển,431160,Khoản chi đột xuất,
B24DCCC040,2024-09-30,Trương Công Chiến,Mua sắm,448837,Khoản chi đột xuất,
B24DCCC040,2024-03-09,Trương Công Chiến,Di chuyển,204029,Thanh toán dịch vụ,
B24DCCC040,2024-07-12,Trương Công Chiến,Ăn uống,359918,Phí dịch vụ hoặc tiện ích,
B24DCCC040,2024-07-25,Trương Công Chiến,Giải trí,260831,Thanh toán dịch vụ,
B24DCCC040,2024-06-20,Trương Công Chiến,Học tập,170311,Khoản chi đột xuất,
B24DCCC040,2024-08-20,Trương Công Chiến,Y tế,259711,Chi phí cần thiết trong tháng,
B24DCCC040,2024-05-03,Trương Công Chiến,Ăn uống,283000,Chi phí cần thiết trong tháng,
B24DCCC040,2024-03-25,Trương Công Chiến,Khác,217408,Phí dịch vụ hoặc tiện ích,
B24DCCC040,2024-10-18,Trương Công Chiến,Giải trí,251086,Phí dịch vụ hoặc tiện ích,
B24DCCC040,2024-09-07,Trương Công Chiến,Di chuyển,242178,Chi phí cần thiết trong tháng,
B24DCCC040,2024-07-04,Trương Công Chiến,Mua sắm,254945,Phí dịch vụ hoặc tiện ích,
B24DCCC040,2024-05-10,Trương Công Chiến,Y tế,463803,Chi phí cần thiết trong tháng,
B24DCCC040,2024-12-17,Trương Công Chiến,Mua sắm,381558,Khoản chi đột xuất,
B24DCCC040,2024-12-30,Trương Công Chiến,Mua sắm,412447,Thanh toán dịch vụ,
B24DCCC040,2024-06-09,Trương Công Chiến,Học tập,255390,Chi phí cần thiết trong tháng,
B24DCCC040,2024-02-24,Trương Công Chiến,Y tế,86008,Chi phí cần thiết trong tháng,
B24DCCC040,2024-02-06,Trương Công Chiến,Mua sắm,297729,Thanh toán dịch vụ,
B24DCCC040,2024-11-30,Trương Công Chiến,Học tập,29278,Khoản chi đột xuất,
B24DCCC040,2024-08-05,Trương Công Chiến,Học tập,315042,Thanh toán dịch vụ,
B24DCCC040,2024-02-10,Trương Công Chiến,Di chuyển,187094,Chi phí cần thiết trong tháng,
B24DCCC040,2024-06-23,Trương Công Chiến,Y tế,89875,Thanh toán dịch vụ,
B24DCCC040,2024-04-03,Trương Công Chiến,Giải trí,45160,Khoản chi đột xuất,
B24DCCC040,2024-09-11,Trương Công Chiến,Mua sắm,430023,Thanh toán dịch vụ,
B24DCCC040,2024-04-26,Trương Công Chiến,Mua sắm,469843,Chi phí cần thiết trong tháng,
B24DCCC040,2024-01-13,Trương Công Chiến,Di chuyển,171522,Phí dịch vụ hoặc tiện ích,
B24DCCC040,2024-07-10,Trương Công Chiến,Mua sắm,267179,Thanh toán dịch vụ,
B24DCCC040,2024-08-07,Trương Công Chiến,Y tế,365427,Khoản chi đột xuất,
B24DCCC040,2024-08-29,Trương Công Chiến,Khác,421134,Khoản chi đột xuất,
B24DCCC040,2024-07-11,Trương Công Chiến,Khác,84364,Khoản chi đột xuất,
B24DCCC040,2024-10-04,Trương Công Chiến,Giải trí,114089,Thanh toán dịch vụ,
B24DCCC040,2024-12-28,Trương Công Chiến,Mua sắm,117677,Phí dịch vụ hoặc tiện ích,
B24DCCC040,2024-08-20,Trương Công Chiến,Y tế,294972,Phí dịch vụ hoặc tiện ích,
B24DCCC040,2024-03-30,Trương Công Chiến,Y tế,263245,Thanh toán dịch vụ,
B24DCCC040,2024-07-23,Trương Công Chiến,Học tập,154544,Phí dịch vụ hoặc tiện ích,
B24DCCC040,2024-09-10,Trương Công Chiến,Mua sắm,253918,Khoản chi đột xuất,
B24DCCC040,2024-04-01,Trương Công Chiến,Di chuyển,390799,Chi phí cần thiết trong tháng,
B24DCCC040,2024-07-30,Trương Công Chiến,Y tế,122315,Phí dịch vụ hoặc tiện ích,
B24DCCC040,2024-07-20,Trương Công Chiến,Khác,365185,Thanh toán dịch vụ,
B24DCCC040,2024-04-02,Trương Công Chiến,Giải trí,150086,Phí dịch vụ hoặc tiện ích,
B24DCCC040,2024-01-08,Trương Công Chiến,Ăn uống,160524,Khoản chi đột xuất,
B24DCCC040,2024-10-11,Trương Công Chiến,Mua sắm,417549,Thanh toán dịch vụ,
B24DCCC040,2024-05-16,Trương Công Chiến,Giải trí,35225,Chi phí cần thiết trong tháng,
B24DCCC040,2024-02-10,Trương Công Chiến,Di chuyển,339801,Chi phí cần thiết trong tháng,
B24DCCC040,2024-02-12,Trương Công Chiến,Y tế,274553,Khoản chi đột xuất,
B24DCCC040,2024-10-30,Trương Công Chiến,Ăn uống,202827,Phí dịch vụ hoặc tiện ích,
B24DCCC040,2024-05-01,Trương Công Chiến,Học tập,301858,Phí dịch vụ hoặc tiện ích,
B24DCCC040,2024-07-17,Trương Công Chiến,Ăn uống,306886,Thanh toán dịch vụ,
B24DCCC040,2024-03-09,Trương Công Chiến,Khác,313125,Thanh toán dịch vụ,
B24DCCC040,2024-07-15,Trương Công Chiến,Di chuyển,498187,Thanh toán dịch vụ,
B24DCCC040,2024-05-03,Trương Công Chiến,Mua sắm,251036,Phí dịch vụ hoặc tiện ích,
B24DCCC040,2024-07-27,Trương Công Chiến,Giải trí,256765,Phí dịch vụ hoặc tiện ích,
B24DCCC040,2024-06-20,Trương Công Chiến,Y tế,389951,Phí dịch vụ hoặc tiện ích,
B24DCCC040,2024-11-10,Trương Công Chiến,Di chuyển,422879,Chi phí cần thiết trong tháng,
B24DCCC040,2024-04-04,Trương Công Chiến,Học tập,439916,Chi phí cần thiết trong tháng,
B24DCCC040,2024-10-09,Trương Công Chiến,Di chuyển,341830,Chi phí cần thiết trong tháng,
B24DCCC040,2024-01-21,Trương Công Chiến,Di chuyển,157380,Khoản chi đột xuất,
B24DCCC040,2024-03-21,Trương Công Chiến,Khác,266568,Chi phí cần thiết trong tháng,
B24DCCC040,2024-04-15,Trương Công Chiến,Y tế,386211,Phí dịch vụ hoặc tiện ích,
B24DCCC040,2024-02-21,Trương Công Chiến,Ăn uống,186917,Phí dịch vụ hoặc tiện ích,
B24DCCC040,2024-09-11,Trương Công Chiến,Di chuyển,177731,Phí dịch vụ hoặc tiện ích,
B24DCCC040,2024-05-26,Trương Công Chiến,Học tập,461501,Chi phí cần thiết trong tháng,
B24DCCC040,2024-06-05,Trương Công Chiến,Khác,99523,Thanh toán dịch vụ,
B24DCCC040,2024-12-29,Trương Công Chiến,Mua sắm,248116,Khoản chi đột xuất,
B24DCCC040,2024-09-25,Trương Công Chiến,Di chuyển,489349,Phí dịch vụ hoặc tiện ích,
B24DCCC040,2024-03-05,Trương Công Chiến,Mua sắm,153684,Thanh toán dịch vụ,
B24DCCC040,2024-08-14,Trương Công Chiến,Mua sắm,211587,Khoản chi đột xuất,
B24DCCC040,2024-03-29,Trương Công Chiến,Học tập,330787,Phí dịch vụ hoặc tiện ích,
B24DCCC040,2024-05-25,Trương Công Chiến,Khác,198442,Phí dịch vụ hoặc tiện ích,
B24DCCC040,2024-10-22,Trương Công Chiến,Học tập,442282,Phí dịch vụ hoặc tiện ích,
B24DCCC040,2024-10-01,Trương Công Chiến,Mua sắm,429135,Phí dịch vụ hoặc tiện ích,
B24DCCC040,2024-07-04,Trương Công Chiến,Học tập,253943,Chi phí cần thiết trong tháng,
B24DCCC040,2024-09-10,Trương Công Chiến,Y tế,282309,Phí dịch vụ hoặc tiện ích,
